announcement_id,announced_date,title,url,fetched_at,http_status,sha256,n_bytes,body_chars,extraction_status
4586879,2026-08-31,"Contracts for Aug. 31, 2026",https://www.war.gov/News/Contracts/Contract/Article/4586879/contracts-for-aug-31-2026/,2026-09-01 18:34:42,200,afc3e44103160dd707af92e9c2df0ce5f7311c61295eb1f077713221c46d3101,132077,16807,extracted
4585867,2026-08-28,"Contracts for Aug. 28, 2026",https://www.war.gov/News/Contracts/Contract/Article/4585867/contracts-for-aug-28-2026/,2026-09-01 18:34:42,200,28bc675567cef74e226b12069eb35db55d12b1f4da565f9a5b5753233b1e5f4a,128429,13185,extracted
4584771,2026-08-27,"Contracts for Aug. 27, 2026",https://www.war.gov/News/Contracts/Contract/Article/4584771/contracts-for-aug-27-2026/,2026-09-01 18:34:43,200,5da346db511104bfc3a24718697fc3c91f126bf22313adb4c94018f26aab0288,133982,18675,extracted
4583752,2026-08-26,"Contracts for Aug. 26, 2026",https://www.war.gov/News/Contracts/Contract/Article/4583752/contracts-for-aug-26-2026/,2026-09-01 18:34:43,200,1abe6ea744f8b959b115ceeb2a9c8637ac8dfe626d94572e1c65c70ac271f85a,123850,8751,extracted
4582621,2026-08-25,"Contracts for Aug. 25, 2026",https://www.war.gov/News/Contracts/Contract/Article/4582621/contracts-for-aug-25-2026/,2026-09-01 18:34:44,200,c8ef2a4eb641e060bb16f119ebd98c2c25ae0b9a43d299182b102e436500564a,128723,13435,extracted
4581800,2026-08-24,"Contracts for Aug. 24, 2026",https://www.war.gov/News/Contracts/Contract/Article/4581800/contracts-for-aug-24-2026/,2026-09-01 18:34:45,200,04d94a7e8e717eb5b2aff7b03576b518e908383cb103f494644e270626228d7d,124766,9671,extracted
4580429,2026-08-21,"Contracts for Aug. 21, 2026",https://www.war.gov/News/Contracts/Contract/Article/4580429/contracts-for-aug-21-2026/,2026-09-01 18:34:45,200,c083f4a9ccacad19f3045568fdea71532639241f43bc11b5a67b7b6a18f655f8,128384,12002,extracted
4578834,2026-08-20,"Contracts for Aug. 20, 2026",https://www.war.gov/News/Contracts/Contract/Article/4578834/contracts-for-aug-20-2026/,2026-09-01 18:34:46,200,fc89a7047e9e2225558030595efdc71a109c460b5bbaac92eddd47256de95818,140040,23423,extracted
4578063,2026-08-19,"Contracts for Aug. 19, 2026",https://www.war.gov/News/Contracts/Contract/Article/4578063/contracts-for-aug-19-2026/,2026-09-01 18:34:46,200,f68d50f0ee40b5b127f0227cf35ff8e8ebe1f19f5f6ef30535ad43c4fa887c89,130338,15104,extracted
4576619,2026-08-18,"Contracts for Aug. 18, 2026",https://www.war.gov/News/Contracts/Contract/Article/4576619/contracts-for-aug-18-2026/,2026-09-01 18:34:47,200,5b9fed118283f61528392530b9ce479acdbd75e4aa6f52135918d70176159d17,125427,10345,extracted
4575681,2026-08-17,"Contracts for Aug. 17, 2026",https://www.war.gov/News/Contracts/Contract/Article/4575681/contracts-for-aug-17-2026/,2026-09-01 18:34:48,200,a46c7085c992f9572fb0169f383c88b6eb882a0d2264fd102972e2c7a6d95d10,131225,16082,extracted
4574365,2026-08-14,"Contracts for Aug. 14, 2026",https://www.war.gov/News/Contracts/Contract/Article/4574365/contracts-for-aug-14-2026/,2026-09-01 18:34:48,200,3e4b1bbe7491a5f3cbed26dfc614e2c67b78e909a8d803edc81333ad33b8d63a,123896,8807,extracted
4573283,2026-08-13,"Contracts for Aug. 13, 2026",https://www.war.gov/News/Contracts/Contract/Article/4573283/contracts-for-aug-13-2026/,2026-09-01 18:34:49,200,4ababe331298a0d959cdbf0430f4e6bdf50eaaeca17a76ac852dc02eb4fbd91f,127167,12150,extracted
4572212,2026-08-12,"Contracts for Aug. 12, 2026",https://www.war.gov/News/Contracts/Contract/Article/4572212/contracts-for-aug-12-2026/,2026-09-01 18:34:49,200,6d03a003dfa69d64d91ca3fb894fbb9260ab555a204d44dca1877117cd1a5321,123346,9002,extracted
4568855,2026-08-11,"Contracts for Aug. 11, 2026",https://www.war.gov/News/Contracts/Contract/Article/4568855/contracts-for-aug-11-2026/,2026-09-01 18:34:50,200,ed0c1014a57c62637f2dd5ceab8e8e0b180a818a77244b469433713266dd883a,124988,9964,extracted
4567805,2026-08-10,"Contracts for Aug. 10, 2026",https://www.war.gov/News/Contracts/Contract/Article/4567805/contracts-for-aug-10-2026/,2026-09-01 18:34:51,200,b09e3bce5565afb19b4b51b65a3c1d597b687ba22eaf7fa76838e9873e8e55a8,131085,15908,extracted
4566629,2026-08-07,"Contracts for Aug. 7, 2026",https://www.war.gov/News/Contracts/Contract/Article/4566629/contracts-for-aug-7-2026/,2026-09-01 18:34:51,200,e06a07c4eb47eb477cc3d9f4c42b4f14c70459822788677a9aa9df8d95909370,125364,9493,extracted
4565715,2026-08-06,"Contracts for Aug. 6, 2026",https://www.war.gov/News/Contracts/Contract/Article/4565715/contracts-for-aug-6-2026/,2026-09-01 18:34:52,200,b8dad3b367d81418a06197f172b274ba4dc717bd8d07f634eab29527e201129f,123856,8782,extracted
4564890,2026-08-05,"Contracts for Aug. 5, 2026",https://www.war.gov/News/Contracts/Contract/Article/4564890/contracts-for-aug-5-2026/,2026-09-01 18:34:53,200,ff7da91a843cfb82df082e894e0d4498bde76ed852fe7fe6c40eb8fd327014e9,124463,10590,extracted
4563655,2026-08-04,"Contracts for Aug. 4, 2026",https://www.war.gov/News/Contracts/Contract/Article/4563655/contracts-for-aug-4-2026/,2026-09-01 18:34:53,200,244640d97b59a407aefe78781759d57f2e50f062e81baf8394a895b83d2d0114,121892,6824,extracted
4562834,2026-08-03,"Contracts for Aug. 3, 2026",https://www.war.gov/News/Contracts/Contract/Article/4562834/contracts-for-aug-3-2026/,2026-09-01 18:34:54,200,53b30cabe28edab42eb6af3aa114baaceebbda0e30ae2c541be2888f7110c2c7,129902,14760,extracted
4561887,2026-07-31,"Contracts for July 31, 2026",https://www.war.gov/News/Contracts/Contract/Article/4561887/contracts-for-july-31-2026/,2026-09-01 18:34:55,200,837dc95d5db13840bc9a1c3affcf496a86deecba714e11c8051c1f1ac1fc1b89,141511,26199,extracted
4560267,2026-07-30,"Contracts for July 30, 2026",https://www.war.gov/News/Contracts/Contract/Article/4560267/contracts-for-july-30-2026/,2026-09-01 18:34:55,200,de2bd78ebe6b4b1112fc56b576c410c2981a85d060f80ea2db2a0f9252a362f3,140267,24988,extracted
4559059,2026-07-29,"Contracts for July 29, 2026",https://www.war.gov/News/Contracts/Contract/Article/4559059/contracts-for-july-29-2026/,2026-09-01 18:34:56,200,726b115c1fb8215473f49bf55cf9b54775d4e83cef5aa36e7440ac092a035a0b,121246,6206,extracted
4557600,2026-07-28,"Contracts for July 28, 2026",https://www.war.gov/News/Contracts/Contract/Article/4557600/contracts-for-july-28-2026/,2026-09-01 18:34:56,200,0a1e45690a0516c52d3c73f730f1e6901b8e1a80800f3c03f8a336765f67ee06,128363,13195,extracted
4556787,2026-07-27,"Contracts for July 27, 2026",https://www.war.gov/News/Contracts/Contract/Article/4556787/contracts-for-july-27-2026/,2026-09-01 18:34:57,200,e7ebc6454577f48b644a3dd00c4ddf6cf40ee408f3e5325eb4bbde193500b380,125059,9954,extracted
4555477,2026-07-24,"Contracts for July 24, 2026",https://www.war.gov/News/Contracts/Contract/Article/4555477/contracts-for-july-24-2026/,2026-09-01 18:34:58,200,f26bae12e1b2a9706386d2843b901617c8b3b1837d977396ba5a3a806c36c6fe,122808,7764,extracted
4554053,2026-07-23,"Contracts for July 23, 2026",https://www.war.gov/News/Contracts/Contract/Article/4554053/contracts-for-july-23-2026/,2026-09-01 18:34:58,200,60a4d8cb4af9377c78c8020b61500aab3955fc269800c72c7241d2c1e1d6507f,130529,15339,extracted
4552684,2026-07-22,"Contracts for July 22, 2026",https://www.war.gov/News/Contracts/Contract/Article/4552684/contracts-for-july-22-2026/,2026-09-01 18:34:59,200,ff5456fb157307199a244ab5582ad238c86e16b394b4fd7900e65eba23e2f8aa,128540,13360,extracted
4551533,2026-07-21,"Contracts for July 21, 2026",https://www.war.gov/News/Contracts/Contract/Article/4551533/contracts-for-july-21-2026/,2026-09-01 18:34:59,200,250300f8af81fa09dfb88d7b1e51de371cc7e055bdd282391b2fff9e8279a981,124918,9822,extracted
4550330,2026-07-20,"Contracts for July 20, 2026",https://www.war.gov/News/Contracts/Contract/Article/4550330/contracts-for-july-20-2026/,2026-09-01 18:35:00,200,bf8d24c377fd886a9167bf7e6c1c21f094010cbb8a83e295c81e580ded62ef80,126697,11640,extracted
4549225,2026-07-17,"Contracts for July 17, 2026",https://www.war.gov/News/Contracts/Contract/Article/4549225/contracts-for-july-17-2026/,2026-09-01 18:35:01,200,c70f9c381269503319fc94afe5abd513cd23cae5a43f6486a2b9b2a077200603,126598,11561,extracted
4547947,2026-07-16,"Contracts for July 16, 2026",https://www.war.gov/News/Contracts/Contract/Article/4547947/contracts-for-july-16-2026/,2026-09-01 18:35:01,200,69f3f70f1914c0424338f1ecbcdc3e26110db4978066d1e4c7a4914a04e0fd36,125880,10758,extracted
4546541,2026-07-15,"Contracts for July 15, 2026",https://www.war.gov/News/Contracts/Contract/Article/4546541/contracts-for-july-15-2026/,2026-09-01 18:35:02,200,5d1b0cf7aedab792ffc361536bbb717d2942514bee7c1c5fc2aa044812fac987,131764,15487,extracted
4545450,2026-07-14,"Contracts for July 14, 2026",https://www.war.gov/News/Contracts/Contract/Article/4545450/contracts-for-july-14-2026/,2026-09-01 18:35:02,200,9a4b844df5dda3e2a2391e0b45ee3894d36b5ba97068c5b9a4da2c6d67939772,123481,8360,extracted
4542809,2026-07-13,"Contracts for July 13, 2026",https://www.war.gov/News/Contracts/Contract/Article/4542809/contracts-for-july-13-2026/,2026-09-01 18:35:03,200,8eb6f22bd049bf59144fe1a1d12a6f8448de0379df69588a1e56060b12a53fcc,124488,9407,extracted
4540411,2026-07-10,"Contracts for July 10, 2026",https://www.war.gov/News/Contracts/Contract/Article/4540411/contracts-for-july-10-2026/,2026-09-01 18:35:04,200,7d2c412691ebb4dd4ea7da835b78372cb6189428034453a5515e7e0e2af46471,124894,9786,extracted
4539526,2026-07-09,"Contracts for July 9, 2026",https://www.war.gov/News/Contracts/Contract/Article/4539526/contracts-for-july-9-2026/,2026-09-01 18:35:04,200,39a54ec8941b9741ce66b124181ae475e09364d8c76ba548cc05fce3a8f433d7,128886,13700,extracted
4538357,2026-07-08,"Contracts for July 8, 2026",https://www.war.gov/News/Contracts/Contract/Article/4538357/contracts-for-july-8-2026/,2026-09-01 18:35:05,200,d04fe111d06167675f28800742d9c2b265a8a5cd71865a1f2c3b41c794e65db5,125355,10181,extracted
4535071,2026-07-07,"Contracts for July 7, 2026",https://www.war.gov/News/Contracts/Contract/Article/4535071/contracts-for-july-7-2026/,2026-09-01 18:35:06,200,405218e06d36058be7ed9e8951b878bbb246995ccc8e73cbe2ef2ab2ee6ae783,120721,5730,extracted
4533905,2026-07-06,"Contracts for July 6, 2026",https://www.war.gov/News/Contracts/Contract/Article/4533905/contracts-for-july-6-2026/,2026-09-01 18:35:06,200,f4c24b62224e34ca54995c55cf4a1b250f353b5b643d3df812da1e4ac45e6bde,123622,7533,extracted
4532515,2026-07-02,"Contracts for July 2, 2026",https://www.war.gov/News/Contracts/Contract/Article/4532515/contracts-for-july-2-2026/,2026-09-01 18:35:07,200,8f5402c97e68a296bf63e5b3336e0a72d4f7685d397aa4b939aa90d0d1030619,128205,12111,extracted
4531882,2026-07-01,"Contracts for July 1, 2026",https://www.war.gov/News/Contracts/Contract/Article/4531882/contracts-for-july-1-2026/,2026-09-01 18:35:07,200,02540ae28766054492212b395ad220d2c5a9b89586eec18ee353e60b0a9d0f13,125087,9927,extracted
4530662,2026-06-30,"Contracts for June 30, 2026",https://www.war.gov/News/Contracts/Contract/Article/4530662/contracts-for-june-30-2026/,2026-09-01 18:35:08,200,18f35ceae7354371bd65fc996bfc31f7d53a49bb2b4719b2dd876183624422fe,134163,18927,extracted
4529481,2026-06-29,"Contracts for June 29, 2026",https://www.war.gov/News/Contracts/Contract/Article/4529481/contracts-for-june-29-2026/,2026-09-01 18:35:09,200,b959389bff1f05a3a404305ca73999b47bf8f219f045ba8ecd278170e416355b,135700,19778,extracted
4528154,2026-06-26,"Contracts for June 26, 2026",https://www.war.gov/News/Contracts/Contract/Article/4528154/contracts-for-june-26-2026/,2026-09-01 18:35:09,200,ba5bfb7c20d9f9152314823bf5e8f3afa2e57dd56c6cc14c38e005991df75dc5,134851,19656,extracted
4527010,2026-06-25,"Contracts for June 25, 2026",https://www.war.gov/News/Contracts/Contract/Article/4527010/contracts-for-june-25-2026/,2026-09-01 18:35:10,200,b89b82a8799ea7687bbf16b1143169f945c599f0bf8377e3648acdddd5575714,135201,19847,extracted
4525817,2026-06-24,"Contracts for June 24, 2026",https://www.war.gov/News/Contracts/Contract/Article/4525817/contracts-for-june-24-2026/,2026-09-01 18:35:11,200,a478a3cecb3ddb6854c47fa1665ab508f673d08b8926993fb9fd4a19c0ef17cf,130855,14868,extracted
4524437,2026-06-23,"Contracts for June 23, 2026",https://www.war.gov/News/Contracts/Contract/Article/4524437/contracts-for-june-23-2026/,2026-09-01 18:35:11,200,311b33f270f3ceb37e57c1c1fc66d8ce76ca5722418eb4c2cc94d4caf7a584e8,131312,16107,extracted
4523515,2026-06-22,"Contracts for June 22, 2026",https://www.war.gov/News/Contracts/Contract/Article/4523515/contracts-for-june-22-2026/,2026-09-01 18:35:12,200,3fc086e75ea251598c3d9626e0cb0e73f3bba574895011b7a02b6f9e6e8aab7a,122781,7711,extracted
