change_id,detected_at,change_type,announcement_id,award_uid,ticker,prev_value,new_value,materiality_score
65b15bbb96ac4237,2026-09-02 18:12:52,new_announcement,4523515,,,,,
c7669b7126346cec,2026-09-02 18:12:52,new_announcement,4524437,,,,,
650a8ae3b67654fa,2026-09-02 18:12:52,new_announcement,4525817,,,,,
cd50d1d7e103bccb,2026-09-02 18:12:52,new_announcement,4527010,,,,,
ff4533e6c82a99e2,2026-09-02 18:12:52,new_announcement,4528154,,,,,
551eed8516604feb,2026-09-02 18:12:52,new_announcement,4529481,,,,,
b73f1c213ab42fe5,2026-09-02 18:12:52,new_announcement,4530662,,,,,
5479f9f03ae7cede,2026-09-02 18:12:52,new_announcement,4531882,,,,,
67e354b9910be9c0,2026-09-02 18:12:52,new_announcement,4532515,,,,,
fec5ea666de2a5dd,2026-09-02 18:12:52,new_announcement,4533905,,,,,
ff99f60f6c01e453,2026-09-02 18:12:52,new_announcement,4535071,,,,,
48af1a0bdc960214,2026-09-02 18:12:52,new_announcement,4538357,,,,,
bc2cedb754de3143,2026-09-02 18:12:52,new_announcement,4539526,,,,,
797d34153792d786,2026-09-02 18:12:52,new_announcement,4540411,,,,,
6e126f6f6be04b4a,2026-09-02 18:12:52,new_announcement,4542809,,,,,
45db30880c5471de,2026-09-02 18:12:52,new_announcement,4545450,,,,,
cb212c34e4bdcc61,2026-09-02 18:12:52,new_announcement,4546541,,,,,
49b6c917540601ca,2026-09-02 18:12:52,new_announcement,4547947,,,,,
14ddbe7ddd0f73c9,2026-09-02 18:12:52,new_announcement,4549225,,,,,
e822b32d3bd599d8,2026-09-02 18:12:52,new_announcement,4550330,,,,,
11b321cf3ee09f10,2026-09-02 18:12:52,new_announcement,4551533,,,,,
021018fee3ff10ea,2026-09-02 18:12:52,new_announcement,4552684,,,,,
92ba2e0c1c8f2e51,2026-09-02 18:12:52,new_announcement,4554053,,,,,
4e34290bd8664dfc,2026-09-02 18:12:52,new_announcement,4555477,,,,,
1e839e7fae3bf9c2,2026-09-02 18:12:52,new_announcement,4556787,,,,,
2e4ce74eb54e387b,2026-09-02 18:12:52,new_announcement,4557600,,,,,
f7a0a7d7207e44c4,2026-09-02 18:12:52,new_announcement,4559059,,,,,
854bae3318943b34,2026-09-02 18:12:52,new_announcement,4560267,,,,,
8ca1b9f09a1c42fc,2026-09-02 18:12:52,new_announcement,4561887,,,,,
3b67cec07cdc992c,2026-09-02 18:12:52,new_announcement,4562834,,,,,
7f434d14c196fcfd,2026-09-02 18:12:52,new_announcement,4563655,,,,,
27ce167a17db343f,2026-09-02 18:12:52,new_announcement,4564890,,,,,
7b0575890051a64c,2026-09-02 18:12:52,new_announcement,4565715,,,,,
667ee43963bd0888,2026-09-02 18:12:52,new_announcement,4566629,,,,,
a23c5d86b1b85a5a,2026-09-02 18:12:52,new_announcement,4567805,,,,,
7a07d0dea64a6f68,2026-09-02 18:12:52,new_announcement,4568855,,,,,
43581b263e5fb096,2026-09-02 18:12:52,new_announcement,4572212,,,,,
353bcde21021f992,2026-09-02 18:12:52,new_announcement,4573283,,,,,
7fa0583549913cd0,2026-09-02 18:12:52,new_announcement,4574365,,,,,
968d85ea565349e6,2026-09-02 18:12:52,new_announcement,4575681,,,,,
509b337b8bd4ed24,2026-09-02 18:12:52,new_announcement,4576619,,,,,
9a828ca84ef2c8a0,2026-09-02 18:12:52,new_announcement,4578063,,,,,
d0177eed8f1ff352,2026-09-02 18:12:52,new_announcement,4578834,,,,,
6c4bebedb36dfb5f,2026-09-02 18:12:52,new_announcement,4580429,,,,,
2581a76022c06148,2026-09-02 18:12:52,new_announcement,4581800,,,,,
19f0815ea4e3d2b1,2026-09-02 18:12:52,new_announcement,4582621,,,,,
ae8492dcfc5935e6,2026-09-02 18:12:52,new_announcement,4583752,,,,,
4eeff3770b0c2dc4,2026-09-02 18:12:52,new_announcement,4584771,,,,,
1b34f273e998324c,2026-09-02 18:12:52,new_announcement,4585867,,,,,
c410999042452c9c,2026-09-02 18:12:52,new_announcement,4586879,,,,,
59c5c8d4dbcfc212,2026-09-02 18:12:52,new_award,4546541,00738fcb5f75fdf5,,,,24
804141e2ec89f8d4,2026-09-02 18:12:52,new_award,4560267,0097054682641f95,,,,0
13b6d9cf35a85da3,2026-09-02 18:12:52,new_award,4564890,00b47f02363e0de1,ALSN,,,0
a461c0546e1bea23,2026-09-02 18:12:52,new_award,4563655,012f8fe22f1aa393,,,,0
8b8621a88bb9f021,2026-09-02 18:12:52,new_award,4532515,014f67e639ce4a96,,,,0
29369a07418d4d95,2026-09-02 18:12:52,new_award,4549225,020acf4111cfdf69,RTX,,,0
c3d47d72cd4887da,2026-09-02 18:12:52,new_award,4584771,021e347a49eaa0cb,,,,34
bb7c77d3594382d8,2026-09-02 18:12:52,new_award,4535071,02adcf8dbca478e1,,,,14
cb551d85ffd71fba,2026-09-02 18:12:52,new_award,4575681,02c38a3b298cc828,,,,13
c7637a8779767ab3,2026-09-02 18:12:52,new_award,4531882,02d3a35623712173,,,,26
e3f3a92de0005b21,2026-09-02 18:12:52,new_award,4549225,02f8f2866e6949a8,,,,0
dc52d8672061d10f,2026-09-02 18:12:52,new_award,4560267,02fb2bc794163ce4,,,,0
e861b6df8c1115f4,2026-09-02 18:12:52,new_award,4527010,0344dd677a8991c7,,,,0
5376480e5934357c,2026-09-02 18:12:52,new_award,4578834,03589de465073e46,NEE,,,18
ae9b9e93f0e8ca7d,2026-09-02 18:12:52,new_award,4575681,038fa94fccb0845b,,,,0
20fabe7a22131a69,2026-09-02 18:12:52,new_award,4560267,0403f4150e81318b,,,,0
7510dd5766f1f34d,2026-09-02 18:12:52,new_award,4584771,042a470d5ec36b9c,LMT,,,0
1a36e957b5c0a107,2026-09-02 18:12:52,new_award,4538357,047876944b585312,,,,0
95853e6964af9fd4,2026-09-02 18:12:52,new_award,4567805,04ddfccd0bd9cca1,,,,0
70041e371c2828fd,2026-09-02 18:12:52,new_award,4549225,05a18e67717831ce,,,,0
93a63b52bddca422,2026-09-02 18:12:52,new_award,4549225,05bc36c86b19b0e6,,,,0
02e42dd1d05ae2b3,2026-09-02 18:12:52,new_award,4557600,06275c90f13dfaa8,,,,7
0710e1df3d1642f2,2026-09-02 18:12:52,new_award,4573283,0662a0c3815c29df,,,,0
9c11b0cdf61a1d29,2026-09-02 18:12:52,new_award,4578834,0679b856ce9500c9,FCT,,,0
04d7fd6595f8e56b,2026-09-02 18:12:52,new_award,4546541,06b67d8db38970b1,,,,0
9f1295f2038503fb,2026-09-02 18:12:52,new_award,4540411,06ef25cce6e0e467,,,,0
cda8ae7011a75f46,2026-09-02 18:12:52,new_award,4586879,07655799a4fac79c,RTX,,,0
ae9ed8261c724a7d,2026-09-02 18:12:52,new_award,4573283,077ad70cbd0146a9,,,,0
8c7c1394269efef6,2026-09-02 18:12:52,new_award,4539526,07abc3d92cbfeb40,,,,8
be5ef287c7a3c9e3,2026-09-02 18:12:52,new_award,4561887,082da8277ab16cce,,,,0
eefff6e94f3ee93c,2026-09-02 18:12:52,new_award,4582621,08498a20684517a3,NOC,,,0
5b342ac658d6af15,2026-09-02 18:12:52,new_award,4576619,0866798163647ab0,BA,,,0
8c5e9d048d82c103,2026-09-02 18:12:52,new_award,4586879,09795ae3aa9e1997,GD,,,0
5e43d5451a4862d2,2026-09-02 18:12:52,new_award,4539526,09a7b018835c9884,,,,33
cd2d4ca0ad6ee069,2026-09-02 18:12:52,new_award,4584771,09fe76e5040f40e1,,,,34
36dd7acda9d76846,2026-09-02 18:12:52,new_award,4573283,0a00daf135859214,SAIC,,,0
6a9c064674f08a64,2026-09-02 18:12:52,new_award,4531882,0a11f2fcb63bf077,,,,6
9b78900dc653f168,2026-09-02 18:12:52,new_award,4575681,0a31f4ccc3fcadf8,,,,0
86a83c56092763ce,2026-09-02 18:12:52,new_award,4561887,0a4d7f9e3294352a,,,,0
21dc5559c836d2af,2026-09-02 18:12:52,new_award,4584771,0a7c3a3c06a07d61,,,,13
223926cea7faacba,2026-09-02 18:12:52,new_award,4561887,0a849299f8186b04,BA,,,0
a2999ab65957404d,2026-09-02 18:12:52,new_award,4538357,0aa09c8cc8e829c7,,,,28
5afd8f3a179fbce0,2026-09-02 18:12:52,new_award,4554053,0b6d762d042b1def,,,,24
a9eef1bc05907e56,2026-09-02 18:12:52,new_award,4574365,0b6e692084f4f268,BA,,,0
37fcb943fe612159,2026-09-02 18:12:52,new_award,4527010,0beea13512c74612,SYY,,,0
7fb619afccb6e42e,2026-09-02 18:12:52,new_award,4552684,0c13998e593f4c4b,,,,13
1bd89d62d67d4b84,2026-09-02 18:12:52,new_award,4549225,0c550763b24bd8b5,NOC,,,0
ebc2d60e37b37354,2026-09-02 18:12:52,new_award,4546541,0c7f859707103c88,,,,0
197272a9dba6b88a,2026-09-02 18:12:52,new_award,4546541,0c9d94784171817c,,,,0
95361dcc25234935,2026-09-02 18:12:52,new_award,4523515,0c9ffdfe84ecb594,BA,,,0
024199bfa0f64fc6,2026-09-02 18:12:52,new_award,4578834,0cbb547fb7966a15,,,,0
6777353b7ad19b92,2026-09-02 18:12:52,new_award,4549225,0d1bd2301b847439,,,,28
67cae49dc77843b2,2026-09-02 18:12:52,new_award,4580429,0d2897f12152107b,,,,19
db7e9a245c7485f1,2026-09-02 18:12:52,new_award,4563655,0d57564be8445507,,,,0
92b14ee2e02579b7,2026-09-02 18:12:52,new_award,4539526,0d60e99afb10defe,,,,30
e16149fd92c6a49e,2026-09-02 18:12:52,new_award,4575681,0d6d8bfe2a6fe5cc,BA,,,0
3a5a8e98c38970dc,2026-09-02 18:12:52,new_award,4528154,0dbe536db0a80706,,,,33
7b4f32034a278147,2026-09-02 18:12:52,new_award,4560267,0dcec259843c9063,,,,0
6bc4769aa240258a,2026-09-02 18:12:52,new_award,4578834,0e739b72392613ed,SARO,,,0
b3207af72eea23ac,2026-09-02 18:12:52,new_award,4578834,0eebf7121845aa44,,,,26
75a2aedd8d9c6a5a,2026-09-02 18:12:52,new_award,4578063,0f5a25ac019aefe5,,,,0
839effcee3de5654,2026-09-02 18:12:52,new_award,4576619,0fba315ecea65b00,,,,0
b2110af295ea2f2c,2026-09-02 18:12:52,new_award,4578063,100b1a9871c8ddfe,,,,0
41d771db275bec1d,2026-09-02 18:12:52,new_award,4575681,1063f59ada24ae27,,,,0
80ba1284dea84cfb,2026-09-02 18:12:52,new_award,4523515,10b07384694b6360,,,,0
eaa9e10f41260cbd,2026-09-02 18:12:52,new_award,4560267,10e108e05bd3e1d9,,,,0
78dd71cbcd731bb4,2026-09-02 18:12:52,new_award,4580429,11140a53244ef827,,,,0
c9e471bb2f590797,2026-09-02 18:12:52,new_award,4545450,11614e85a433c840,,,,0
5753e60e175f6c5f,2026-09-02 18:12:52,new_award,4550330,119dbabe5399cda0,,,,0
80986ffd175f0f7b,2026-09-02 18:12:52,new_award,4560267,11b6b7a15b7b93c8,,,,0
b264c731c940133d,2026-09-02 18:12:52,new_award,4528154,12a6fb1c7fe19123,LMT,,,0
cf30a36691638b5e,2026-09-02 18:12:52,new_award,4582621,12ad977099b50fe4,,,,16
f8de6ebfbff0f150,2026-09-02 18:12:52,new_award,4550330,12d2f279adf2604a,,,,0
279596d2e82c57f0,2026-09-02 18:12:52,new_award,4575681,133eddcf21094e5c,,,,0
8fbc14964e1694ec,2026-09-02 18:12:52,new_award,4550330,134bc6546f348ea6,BA,,,0
ffcb97543cf8661e,2026-09-02 18:12:52,new_award,4531882,1367b96dce982458,LMT,,,0
efa9c914624a6f62,2026-09-02 18:12:52,new_award,4527010,137bc3fbaa3f58bc,ADI,,,0
6779c747e4385001,2026-09-02 18:12:52,new_award,4542809,13aaf48a036f8bf8,,,,0
a5d96516f0ed21d3,2026-09-02 18:12:52,new_award,4575681,13e0fd880a3c7be2,,,,0
6483d31b0fd1f70a,2026-09-02 18:12:52,new_award,4561887,145e0e7b0a2cc8a5,,,,8
a6280010af2aa12e,2026-09-02 18:12:52,new_award,4565715,14c9f0299d84ee17,,,,21
6407e34eca2f825b,2026-09-02 18:12:52,new_award,4532515,159491ee3dc9f6c4,,,,17
4d3996de5d568469,2026-09-02 18:12:52,new_award,4573283,15d54de3e2e99803,,,,0
54c502dfc517dfec,2026-09-02 18:12:52,new_award,4527010,160b012d34f17125,RTX,,,0
2291d0d021e78a1a,2026-09-02 18:12:52,new_award,4550330,16395796025187e6,ACM,,,28
8fb52512919b2101,2026-09-02 18:12:52,new_award,4586879,1647e9dd719adb68,,,,18
fb58d1f3ce8e00a3,2026-09-02 18:12:52,new_award,4539526,1685335dd766d204,,,,32
4eb798f98d627ed9,2026-09-02 18:12:52,new_award,4550330,1774c1beb9aeb709,,,,22
8e2ed2a4077eb9ae,2026-09-02 18:12:52,new_award,4531882,17be4203adbccfe6,,,,24
0fd414d1d0184aaa,2026-09-02 18:12:52,new_award,4527010,17ddda69763e703b,,,,16
7e19544dd136f757,2026-09-02 18:12:52,new_award,4573283,17e9be790dde7ac5,BAH,,,35
cc54458690828411,2026-09-02 18:12:52,new_award,4524437,18583f4fc69b6ec9,,,,19
e6859dd7601f5247,2026-09-02 18:12:52,new_award,4547947,1861895fe2391435,,,,22
5ba66772d618477a,2026-09-02 18:12:52,new_award,4573283,1867a7ac6c6a3ce5,,,,27
4bb2520ec55df9ed,2026-09-02 18:12:52,new_award,4566629,1867bbc0481420ca,,,,29
238eeb7cf8bb425a,2026-09-02 18:12:52,new_award,4552684,189a342c232d3e6b,NOC,,,19
d56db2d915ba992b,2026-09-02 18:12:52,new_award,4564890,1921cf83f6f7417c,,,,31
bfb179512af75404,2026-09-02 18:12:52,new_award,4528154,1954162ebadf02f6,LMT,,,41
da091b23982b2b61,2026-09-02 18:12:52,new_award,4549225,19a84d090ded88a9,,,,68
e547fba09308ce43,2026-09-02 18:12:52,new_award,4546541,19b30dc91cbe8071,,,,26
56cea3165dba3373,2026-09-02 18:12:52,new_award,4562834,19dda839a44427ff,,,,22
6c93d26de6e90dea,2026-09-02 18:12:52,new_award,4523515,1a21e8cf90c62d42,GD,,,25
03ad9fb0bc44fa82,2026-09-02 18:12:52,new_award,4542809,1a44fd2cb2f5fd45,,,,20
74946a990f4a861e,2026-09-02 18:12:52,new_award,4561887,1a8872bde653aae2,GLDD,,,47
dd6efa889d4c602a,2026-09-02 18:12:52,new_award,4585867,1b53a820df4ea08f,,,,13
300ce8152e0da044,2026-09-02 18:12:52,new_award,4529481,1b5ed953784e7787,,,,23
5477c94b2e12a60b,2026-09-02 18:12:52,new_award,4581800,1b5f181dbe559f03,GD,,,34
8755ad3595eefa49,2026-09-02 18:12:52,new_award,4562834,1c6138705a3a7a59,,,,33
58907c982b95e32e,2026-09-02 18:12:52,new_award,4560267,1c8edf6d4b8a8b80,,,,0
79e080dd46500e86,2026-09-02 18:12:52,new_award,4559059,1cc197b5322f1752,,,,19
d083a8e379aa6a26,2026-09-02 18:12:52,new_award,4557600,1d296c82b12199c7,,,,0
6c74f5c4deccef3d,2026-09-02 18:12:52,new_award,4560267,1d31e3fa4e7f7239,,,,0
23ab6521b9d22cad,2026-09-02 18:12:52,new_award,4554053,1d53fb9fd756d5c0,,,,0
c57b9ed9cc830d0a,2026-09-02 18:12:52,new_award,4582621,1d63583845f1cd9f,,,,20
5c8c906595eb4625,2026-09-02 18:12:52,new_award,4578063,1d81cacc87dd9b6d,HON,,,0
a3d544993eb219c4,2026-09-02 18:12:52,new_award,4567805,1d83ee76841567f7,,,,0
d199d200d1a5ac44,2026-09-02 18:12:52,new_award,4567805,1df276cae9244803,,,,0
6d5599e8df035ceb,2026-09-02 18:12:52,new_award,4552684,1e8d67eaf55b6a6d,,,,28
bb559fdb7bbdd708,2026-09-02 18:12:52,new_award,4561887,1eb128bb8866ec4a,,,,0
ce51d5252c10967b,2026-09-02 18:12:52,new_award,4585867,1f29f8a1a3a640f8,,,,0
90e3fe7aaa2378ad,2026-09-02 18:12:52,new_award,4532515,1f5b293e4ae2d29b,,,,17
d617b4fea9ac1fea,2026-09-02 18:12:52,new_award,4524437,1f6347140dc5fd94,BA,,,0
c4404e9f216156a7,2026-09-02 18:12:52,new_award,4561887,1f6848af72f50b11,,,,13
c28f523006b8c873,2026-09-02 18:12:52,new_award,4540411,205a560913853c75,,,,0
a1c600873bc535c9,2026-09-02 18:12:52,new_award,4568855,206b4fa8cbd56350,,,,25
ea8378cf40149d19,2026-09-02 18:12:52,new_award,4584771,20c8a67495825548,,,,14
94da04b0bce3f971,2026-09-02 18:12:52,new_award,4527010,20db5f0fe6519922,,,,0
b03f803818040117,2026-09-02 18:12:52,new_award,4530662,20f0af1256afe9a8,,,,0
7dab416e91778754,2026-09-02 18:12:52,new_award,4561887,21228c5df7431b1a,,,,0
5c990f74e25ef580,2026-09-02 18:12:52,new_award,4560267,2169201675a3d620,ESLT,,,0
78833fbe303a1374,2026-09-02 18:12:52,new_award,4560267,218aceea0cb64cde,,,,0
070bf0f29acf6600,2026-09-02 18:12:52,new_award,4576619,21c2f25d523dad62,,,,9
5aa935d021390ce2,2026-09-02 18:12:52,new_award,4560267,22166457b2ca3f96,,,,0
9818ce82bb2ddf59,2026-09-02 18:12:52,new_award,4547947,22488ee5bdfcaa59,,,,25
a0cdfb053e2f15fc,2026-09-02 18:12:52,new_award,4578063,227922912876f40e,,,,18
d1d6c779e2d64734,2026-09-02 18:12:52,new_award,4575681,229279a5b65a121d,,,,0
9c0d323c23c5841b,2026-09-02 18:12:52,new_award,4562834,2297675d14fd4b5a,,,,14
dfa193e59fd8f6bb,2026-09-02 18:12:52,new_award,4572212,22a98cff7ec6da29,,,,19
53ffcaee66192a0c,2026-09-02 18:12:52,new_award,4582621,23449902ee5420b2,,,,0
af666ea6ffb83235,2026-09-02 18:12:52,new_award,4565715,2351f144a0dd6d0b,,,,0
a9bd241352fdad87,2026-09-02 18:12:52,new_award,4531882,23670205a7eb2630,LMT,,,0
11da5b58b09526a7,2026-09-02 18:12:52,new_award,4567805,23ddfe65e453f9d0,HII,,,0
63dde82829b636bb,2026-09-02 18:12:52,new_award,4527010,23efd51209232232,,,,0
68ba4adc3636ab7a,2026-09-02 18:12:52,new_award,4575681,23f3cd28e46850cb,PSN,,,0
0790f852034114c4,2026-09-02 18:12:52,new_award,4552684,24133c8ba01a8f1d,,,,0
cd5f2b3c7e3d3bcb,2026-09-02 18:12:52,new_award,4555477,2415127250253276,,,,23
77062cf2df9ca649,2026-09-02 18:12:52,new_award,4560267,242544708c2386f4,,,,0
70e517465b90dcaf,2026-09-02 18:12:52,new_award,4524437,24568687cf5a6d2b,,,,0
07e6f9a449c6254a,2026-09-02 18:12:52,new_award,4549225,246a5c6e7f48f2ca,,,,0
248f4f940ae771ab,2026-09-02 18:12:52,new_award,4567805,2566985fe4a02571,,,,0
cb81cf579cc8fd4a,2026-09-02 18:12:52,new_award,4564890,25b4b33779ec3d6f,LMT,,,0
aa52efed818ccad3,2026-09-02 18:12:52,new_award,4552684,25bededa0b3d4552,RTX,,,0
707e5a468170e5da,2026-09-02 18:12:52,new_award,4582621,26082f555dbd844a,BA,,,0
c49b9075ab48a7d6,2026-09-02 18:12:52,new_award,4583752,260b81d580e6e633,LMT,,,0
b5fe05694ab653f7,2026-09-02 18:12:52,new_award,4562834,260e7e1582f2f70c,,,,0
8d65afaae11914a0,2026-09-02 18:12:52,new_award,4540411,26213aae15963b5d,RTX,,,0
307a452900ce85ad,2026-09-02 18:12:52,new_award,4572212,264f150f333ff56f,,,,17
b0a8fae92795c382,2026-09-02 18:12:52,new_award,4566629,267e0d41d1182c84,,,,0
d533ea134fd3b7b6,2026-09-02 18:12:52,new_award,4582621,26c949fc5f8fa184,,,,0
6a7f669053038475,2026-09-02 18:12:52,new_award,4578063,26dd0e611b336151,BMOB,,,0
27adf4eeecca6c51,2026-09-02 18:12:52,new_award,4574365,26e0c99767f939f5,OSK,,,0
c5fc2edec8ba1ccd,2026-09-02 18:12:52,new_award,4528154,26ef3dd228f868ef,,,,0
d1eb1530778273c6,2026-09-02 18:12:52,new_award,4530662,271dca5cee54eade,,,,0
0a176747944eaf15,2026-09-02 18:12:52,new_award,4575681,274fcfed52f5b94b,,,,0
36ee8d8b68d1a84d,2026-09-02 18:12:52,new_award,4568855,275ffa43082476c5,LMT,,,0
f3ea58717762b511,2026-09-02 18:12:52,new_award,4528154,276593437f5d961a,,,,10
8ab353d958fab0b9,2026-09-02 18:12:52,new_award,4529481,277523c3acf5033d,,,,31
b29e12d3d8de8272,2026-09-02 18:12:52,new_award,4551533,27843c282dedf4a7,,,,12
5e94b04b732e4379,2026-09-02 18:12:52,new_award,4560267,279670b5938b6c38,,,,0
874dd4af43b13ad1,2026-09-02 18:12:52,new_award,4559059,282d03e2d6c6b6f7,,,,0
59f495c95da4fa4c,2026-09-02 18:12:52,new_award,4560267,287d4419acbe27d5,1860.T,,,0
382c36b7360adab6,2026-09-02 18:12:52,new_award,4556787,28835c67b8f4a030,,,,14
ee919865511573d2,2026-09-02 18:12:52,new_award,4555477,28cc04b4c04be772,,,,0
d20bbc36873239b9,2026-09-02 18:12:52,new_award,4542809,28d8701e1e14f445,,,,18
564af640bdfd0df0,2026-09-02 18:12:52,new_award,4552684,28ea0404dee66fd1,,,,0
f689d43be7376b25,2026-09-02 18:12:52,new_award,4546541,293825aef3d71a0c,,,,0
41935c86886707bd,2026-09-02 18:12:52,new_award,4584771,295b487d418e7b5e,,,,0
23174156911c18d9,2026-09-02 18:12:52,new_award,4524437,29f20c3a31c19cec,,,,19
7ab28c9f786a60c1,2026-09-02 18:12:52,new_award,4530662,29fb998b9fd4a479,,,,0
f84e07890ec9bc51,2026-09-02 18:12:52,new_award,4563655,2a72f3bff5286897,,,,9
c8fdb9bfca16912e,2026-09-02 18:12:52,new_award,4586879,2ac13a5c7649c3d8,,,,0
4972559903a0cb76,2026-09-02 18:12:52,new_award,4560267,2b3642d43aacd66d,,,,0
826f1d08686f86f5,2026-09-02 18:12:52,new_award,4546541,2b89389b9f7a65f4,,,,0
486b697f83432980,2026-09-02 18:12:52,new_award,4568855,2ba368fb5000e481,,,,0
2b0b40257461cd72,2026-09-02 18:12:52,new_award,4573283,2bc93ca5785ab6ff,,,,0
badab9a846e1a41b,2026-09-02 18:12:52,new_award,4527010,2bd78a09a47f3bbc,,,,0
9d8bc97a567efad7,2026-09-02 18:12:52,new_award,4583752,2bdfd5c77f8492d6,,,,0
3a6ce2e5fe933e00,2026-09-02 18:12:52,new_award,4578834,2c318da8d6b51d21,,,,31
e13ed33cfafbef52,2026-09-02 18:12:52,new_award,4561887,2cea21c65523df23,,,,0
e7164dee89b20676,2026-09-02 18:12:52,new_award,4529481,2d1f38faae03fae6,ETN,,,0
d63b5abdc4115e9d,2026-09-02 18:12:52,new_award,4547947,2d45673b53ac0a9d,,,,27
863a27be12d2f190,2026-09-02 18:12:52,new_award,4578834,2d624b770610a7cc,RTX,,,18
12ec0dfafa99502d,2026-09-02 18:12:52,new_award,4578063,2db607054283e01a,,,,11
e7049f5e7a324d04,2026-09-02 18:12:52,new_award,4532515,2dc66304616115bb,BA,,,32
9ab97e35d14a18e6,2026-09-02 18:12:52,new_award,4546541,2e6142b0213cfd70,LMT,,,72
273e195db9aeba9f,2026-09-02 18:12:52,new_award,4585867,2e9b43ee424f6062,BA,,,48
a09d3a6462e25387,2026-09-02 18:12:52,new_award,4528154,2ea7cc3d439c50ed,,,,33
cdf0e99793ba7958,2026-09-02 18:12:52,new_award,4582621,2ec37996694d98bc,,,,7
eb8ae3d9424477b1,2026-09-02 18:12:52,new_award,4552684,2efbed36f4f46380,LH,,,56
c2f4a01e9619b80f,2026-09-02 18:12:52,new_award,4531882,2f8c3eab77164ca6,AVAV,,,61
3c9345de50988998,2026-09-02 18:12:52,new_award,4578063,2fb1baef3ef9deed,,,,15
c055454e9f3849bf,2026-09-02 18:12:52,new_award,4565715,2ffeebdf5729661d,,,,13
84b1a3b998359e51,2026-09-02 18:12:52,new_award,4584771,30106790182b2bd6,LHX,,,22
66d80865e85fcc5b,2026-09-02 18:12:52,new_award,4524437,3075d4b8ae4b9193,,,,27
fbe6f920dd6b1853,2026-09-02 18:12:52,new_award,4532515,3084827de8ebcd43,,,,16
1b21b42484476785,2026-09-02 18:12:52,new_award,4561887,30b8239dee585b2c,,,,12
f13b9d017ccdd540,2026-09-02 18:12:52,new_award,4578063,3138bebca5e7eb4f,,,,14
3a38b9ee3155783c,2026-09-02 18:12:52,new_award,4556787,315b5cbcbefcea54,,,,22
d0a5ca46c95acc49,2026-09-02 18:12:52,new_award,4583752,316cae1b5913e026,,,,24
b1c82f785f228fcb,2026-09-02 18:12:52,new_award,4568855,31ad856a7a1b74da,,,,22
8cef5ae6cd0dddfe,2026-09-02 18:12:52,new_award,4578063,31ece677daa0f70a,HAG.DE,,,38
860e5f6f97c0e6e3,2026-09-02 18:12:52,new_award,4529481,3204fb4ab119a267,,,,11
b602c8a80bc40da4,2026-09-02 18:12:52,new_award,4531882,320b66d75b748e19,USFD,,,28
f0d29384dd66e661,2026-09-02 18:12:52,new_award,4529481,320ecad4b8dcb1c4,,,,10
b41bfcd93c24aba6,2026-09-02 18:12:52,new_award,4557600,32250c72dfe08f06,,,,29
d9ed7f6b754d75ce,2026-09-02 18:12:52,new_award,4582621,326863dbf017109c,RTX,,,67
e2c96e91f1d22ef5,2026-09-02 18:12:52,new_award,4552684,32a981600533308c,,,,12
47d165c5ea83f75b,2026-09-02 18:12:52,new_award,4578063,32ad4ca778315fd4,,,,13
81074935933a1f82,2026-09-02 18:12:52,new_award,4535071,32adf6b7dd084741,,,,6
614f321c196e34f5,2026-09-02 18:12:52,new_award,4528154,32ba6d9aae037978,,,,35
c9ad9b5ecfbd4b90,2026-09-02 18:12:52,new_award,4528154,32c002645e1737bb,,,,10
810e7c7c4d2f4662,2026-09-02 18:12:52,new_award,4574365,32d36ee5aaeabcec,CAE,,,26
7d91cdcd69c3283d,2026-09-02 18:12:52,new_award,4580429,32d4202aa8ed7fa9,,,,6
7de1aae2d0e726ad,2026-09-02 18:12:52,new_award,4546541,33284a866636d8ad,,,,0
5168c58931e9fdaa,2026-09-02 18:12:52,new_award,4538357,3382af88a829a94a,,,,17
17ecf27532465967,2026-09-02 18:12:52,new_award,4546541,338904ed60429569,,,,0
3739d376d664c182,2026-09-02 18:12:52,new_award,4560267,33a8d249c42782a6,VSAT,,,0
192d7ef5afe616ef,2026-09-02 18:12:52,new_award,4560267,33f64ff2ec043da1,CACI,,,0
836e3af0f25ba06b,2026-09-02 18:12:52,new_award,4528154,3416ad85497fbc28,,,,33
350ec31630c2bb47,2026-09-02 18:12:52,new_award,4575681,34863440590246c6,,,,0
7b9547fdf676a339,2026-09-02 18:12:52,new_award,4573283,34986e67c84a09ba,PSN,,,0
2d0d6e7ea4a6a457,2026-09-02 18:12:52,new_award,4584771,349a17230812ac22,,,,19
dbaf9fffb3c52e9f,2026-09-02 18:12:52,new_award,4530662,34aafb8fbc39f15a,,,,19
e88337fbe7826658,2026-09-02 18:12:52,new_award,4562834,34c19ec8ecd5b548,D,,,0
bbedd767685aff48,2026-09-02 18:12:52,new_award,4525817,34f4a498106489b8,LMT,,,0
84f3a28d2cabe17e,2026-09-02 18:12:52,new_award,4586879,351b02eec54406ea,LMT,,,0
846de35ea1786420,2026-09-02 18:12:52,new_award,4561887,3547afae34afcd73,,,,0
173123bea89c4876,2026-09-02 18:12:52,new_award,4560267,3562482870d2baf2,,,,0
75792250dd9aab13,2026-09-02 18:12:52,new_award,4554053,356c6e89d80e7146,,,,0
1d5f097b843e03cb,2026-09-02 18:12:52,new_award,4573283,3613c153e7e6d7c8,,,,0
d821f1c537904131,2026-09-02 18:12:52,new_award,4527010,3719a8c4f9fa34ee,,,,26
ae319ca283fe9b78,2026-09-02 18:12:52,new_award,4529481,37a019157dd33588,,,,0
361ba80ad5bb3f50,2026-09-02 18:12:52,new_award,4559059,37c63a4edabb3081,,,,0
e7f43434e091d9eb,2026-09-02 18:12:52,new_award,4560267,37eb767c617b9dce,,,,0
03bce923cf00726d,2026-09-02 18:12:52,new_award,4562834,383099624dda874f,GE,,,0
57b24414a35a3d5b,2026-09-02 18:12:52,new_award,4578834,3834b885f29e66ce,,,,0
fee7e9ad72320fd7,2026-09-02 18:12:52,new_award,4559059,385c06dabded4508,,,,0
c6021d7fc9a3bd09,2026-09-02 18:12:52,new_award,4528154,3887d521e410a7ad,,,,0
3674692d1b2f0b30,2026-09-02 18:12:52,new_award,4567805,38d73173d7c76f9b,,,,30
6b75a6853a3b68c3,2026-09-02 18:12:52,new_award,4529481,38e1f5ff69ba2a54,,,,31
dbfe020d4c32fa82,2026-09-02 18:12:52,new_award,4561887,38f64bb427f5ce06,,,,16
51dad0d0cc734af5,2026-09-02 18:12:52,new_award,4582621,393630a1272051d8,,,,13
3177739e4ec7ef58,2026-09-02 18:12:52,new_award,4573283,393a3ab72cfc4c60,DLHC,,,0
36a21c32544ef704,2026-09-02 18:12:52,new_award,4567805,39a5c6e4f8676b6b,,,,34
3977ef0800860672,2026-09-02 18:12:52,new_award,4547947,3a10bc29f7008df9,,,,10
011d269df4a5c6f5,2026-09-02 18:12:52,new_award,4566629,3a3ca14758435e65,,,,7
0f929a6497cf9694,2026-09-02 18:12:52,new_award,4565715,3a3d0e4d52becdaf,,,,7
0f2bc503c36fc039,2026-09-02 18:12:52,new_award,4557600,3b4d36e56f724a11,LMT,,,0
a36ab2f0cea493f7,2026-09-02 18:12:52,new_award,4540411,3b67dacf3bda86ce,,,,0
2d56b218ef8eb73d,2026-09-02 18:12:52,new_award,4567805,3b6c1f7aa36fb49b,,,,0
247a96cfaa875f01,2026-09-02 18:12:52,new_award,4575681,3b956727d982af6a,,,,0
433bc5dec28f41a9,2026-09-02 18:12:52,new_award,4540411,3bcfeb2544947b32,,,,0
0aabac5c5496018b,2026-09-02 18:12:52,new_award,4552684,3bede42bb8d027f8,,,,0
223256b9dd5c47cf,2026-09-02 18:12:52,new_award,4568855,3c2465b0997b238b,GD,,,0
0c6db888f043de3b,2026-09-02 18:12:52,new_award,4580429,3c7a46734d8464bf,,,,0
99ccf79cd2ae54b7,2026-09-02 18:12:52,new_award,4560267,3cad501ce918b20d,CACI,,,0
b54fbd07c643e37d,2026-09-02 18:12:52,new_award,4560267,3cf5d2213115c390,,,,0
7771af7dcbbb4426,2026-09-02 18:12:52,new_award,4560267,3d7cc1cca189caf6,,,,0
9e55afa2eb9492bb,2026-09-02 18:12:52,new_award,4565715,3d99a5141e35dc5f,,,,0
632f4a7af6badacb,2026-09-02 18:12:52,new_award,4540411,3e4cbe0791d167e9,,,,0
df7d90741e714702,2026-09-02 18:12:52,new_award,4586879,3eca0d64283ad0b7,TXT,,,0
81edc478ecf8924e,2026-09-02 18:12:52,new_award,4529481,3f64473634a6744f,,,,31
54b323cfecc2e980,2026-09-02 18:12:52,new_award,4554053,3fde3f4b6391604c,RTX,,,0
4f64a074869e1f2d,2026-09-02 18:12:52,new_award,4539526,3fe5292e0e3aea2e,RTX,,,0
217eba1555b952b1,2026-09-02 18:12:52,new_award,4549225,409bf47e7d063153,,,,17
aa529c8dd6ccaa9f,2026-09-02 18:12:52,new_award,4586879,41095fc2bbbe06e3,,,,0
cf7b26851630ea14,2026-09-02 18:12:52,new_award,4546541,417580ce91953654,,,,0
c628ca17f19353ba,2026-09-02 18:12:52,new_award,4551533,41b1932f58a93dee,,,,0
475c8ad512bd92bd,2026-09-02 18:12:52,new_award,4524437,41baeac2342c1729,,,,0
8788a71fd8976573,2026-09-02 18:12:52,new_award,4529481,41c0978102fafb13,,,,0
932ce24153d079c9,2026-09-02 18:12:52,new_award,4540411,41c2311dfa7c2a47,,,,0
05dd3144054d84b3,2026-09-02 18:12:52,new_award,4560267,4209d52655e08b0d,,,,0
6047b22d01f31513,2026-09-02 18:12:52,new_award,4566629,421c367a9d9f05f4,,,,7
e10d7162ae0d4e4b,2026-09-02 18:12:52,new_award,4528154,4224dd960834ffcf,,,,33
8587b19f6f5e29b2,2026-09-02 18:12:52,new_award,4528154,424d99829f558061,,,,13
7e133ab5dcec2046,2026-09-02 18:12:52,new_award,4556787,42d9d6894e40fc4c,,,,23
666a7c56bd7795a5,2026-09-02 18:12:52,new_award,4564890,42e71b5a53745e0b,,,,0
990575d67cbebe03,2026-09-02 18:12:52,new_award,4566629,42e98fdbe1361907,,,,0
26f7e6be582ba424,2026-09-02 18:12:52,new_award,4561887,430d4ad414f7ee97,GD,,,0
cbf79e568a384593,2026-09-02 18:12:52,new_award,4557600,4312bef080fd3951,,,,28
f531636eafb2b8c3,2026-09-02 18:12:52,new_award,4529481,431ad5ebbd5b99b1,,,,0
df2c1af2e8b51526,2026-09-02 18:12:52,new_award,4530662,4327cac56473fc72,GE,,,0
dd88b761d96b072e,2026-09-02 18:12:52,new_award,4576619,43ae29a213ee13ee,LMT,,,0
fcfadb80fb8a9850,2026-09-02 18:12:52,new_award,4565715,43ca5549d4bdfc13,TDY,,,0
026a0864d0db95e7,2026-09-02 18:12:52,new_award,4546541,43cb18bb8ace3ec8,,,,0
4542ed48c36cb462,2026-09-02 18:12:52,new_award,4575681,4461dbde17195c4f,,,,16
d8869b476e318a08,2026-09-02 18:12:52,new_award,4583752,4472e117b929fc4e,,,,16
b758f47f415c7b1b,2026-09-02 18:12:52,new_award,4565715,4480e43d478f809a,LXFR,,,0
1c1636270ee28219,2026-09-02 18:12:52,new_award,4561887,452cbf62dc47cf7a,,,,0
5c5b5d551465981e,2026-09-02 18:12:52,new_award,4580429,459394b9d601608d,,,,17
1fd7b8f71c826902,2026-09-02 18:12:52,new_award,4560267,45a06e8cd4e2bdb2,,,,0
910531a52f8f99fb,2026-09-02 18:12:52,new_award,4586879,45a89cdde5110d14,,,,0
f8d15f05b974c0da,2026-09-02 18:12:52,new_award,4566629,45a8a8f93c6690a3,NOC,,,0
aa29318095bda5dc,2026-09-02 18:12:52,new_award,4540411,460246cec0b25e7e,ESV,,,0
6959378005d6153d,2026-09-02 18:12:52,new_award,4583752,466e75ac77744371,,,,16
1742c33a881e518f,2026-09-02 18:12:52,new_award,4562834,469f391d1585ff7d,GE,,,0
8e695bd8c68362ff,2026-09-02 18:12:52,new_award,4585867,46a1e65cfb1cf05e,,,,19
6ea08b92515f722a,2026-09-02 18:12:52,new_award,4529481,46c947a30d04c762,,,,31
c85e797dd7ea1a27,2026-09-02 18:12:52,new_award,4530662,472899c155fb3b28,NOC,,,0
60eb7ec5dfa2052b,2026-09-02 18:12:52,new_award,4528154,4729ea47e24ec157,,,,33
3976ca3ad10ae109,2026-09-02 18:12:52,new_award,4530662,47cff83fddb9800f,,,,0
56aa18009931d34a,2026-09-02 18:12:52,new_award,4564890,4827bf37670d2a1d,,,,0
7a3ff24541707bbc,2026-09-02 18:12:52,new_award,4556787,482a1a093286acc9,,,,0
9706e83648edf3e9,2026-09-02 18:12:52,new_award,4565715,48499c2ed3093b2b,,,,0
e26d452b616ed6c3,2026-09-02 18:12:52,new_award,4525817,48b6e72d5de64a66,GD,,,0
28b1f3c155fd4f62,2026-09-02 18:12:52,new_award,4562834,48bb1e079909d75b,,,,0
c8e2a140e3fc989d,2026-09-02 18:12:52,new_award,4566629,4900fc1f7338f73d,,,,16
9e8f556ce0a19e8d,2026-09-02 18:12:52,new_award,4578834,4931e91e44be9104,,,,18
44cbff7d4421aae1,2026-09-02 18:12:52,new_award,4546541,495abb1aa12d3ea6,,,,0
922a1375fd69975c,2026-09-02 18:12:52,new_award,4562834,49a1cdc22dc31b90,,,,0
94a03470a69aef9b,2026-09-02 18:12:52,new_award,4524437,49aaa473231e64b7,,,,31
f38cb8598f5aa37d,2026-09-02 18:12:52,new_award,4562834,49ad9fadbbf5e16f,ACM,,,0
3faeae6c85f52f55,2026-09-02 18:12:52,new_award,4552684,4a0653752e3007db,,,,0
fe71b96e946453fd,2026-09-02 18:12:52,new_award,4529481,4a131df845e202fc,,,,0
8ac7bc76f5641b17,2026-09-02 18:12:52,new_award,4585867,4a86e30d4e35bd7d,,,,24
7de4a3b3db008a39,2026-09-02 18:12:52,new_award,4525817,4ae22a1e8d0035ba,RTX,,,0
df4cfddfb2015841,2026-09-02 18:12:52,new_award,4574365,4b12dfa56e2047c7,RR,,,0
60514f2e2ab9c709,2026-09-02 18:12:52,new_award,4583752,4b1ab19bbe7878a3,,,,0
21a00a4a0e240fca,2026-09-02 18:12:52,new_award,4561887,4b4872a65f4daa62,,,,0
1e9e351cbf31e67c,2026-09-02 18:12:52,new_award,4528154,4b5b03c1aed8e170,,,,33
4f8ca8dd6e5118e8,2026-09-02 18:12:52,new_award,4556787,4b90d94c00e3feda,,,,16
b001361c3610a987,2026-09-02 18:12:52,new_award,4528154,4b9d192291073dcb,,,,22
7fa43a93c7061086,2026-09-02 18:12:52,new_award,4562834,4bd132d3f75b64ff,,,,0
d0eb1559953561da,2026-09-02 18:12:52,new_award,4539526,4bde7d4792b3c969,RTX,,,0
6411ba4d3671a23e,2026-09-02 18:12:52,new_award,4559059,4c18ea83174f4d41,,,,23
f4cfbded3882b7e9,2026-09-02 18:12:52,new_award,4586879,4c1c266ac9d29b4b,NOC,,,0
5980453134d091e5,2026-09-02 18:12:52,new_award,4574365,4c4529550eaeaa19,,,,0
782197733ab358ca,2026-09-02 18:12:52,new_award,4582621,4c84a0fcd4c52549,,,,0
f004f54db6a9ba70,2026-09-02 18:12:52,new_award,4586879,4ca1608f4bb4862f,,,,28
dcc539860339b052,2026-09-02 18:12:52,new_award,4575681,4cc44bd11bb0b0ad,BAH,,,52
55e0859a8a2efa79,2026-09-02 18:12:52,new_award,4580429,4cf53e5ec143ea97,,,,31
591a49778adc623f,2026-09-02 18:12:52,new_award,4529481,4cfae3707ba62b7b,,,,24
b6e69ea41c68f34d,2026-09-02 18:12:52,new_award,4528154,4d137dd9a78bf46a,,,,13
3d573de9980b8dc9,2026-09-02 18:12:52,new_award,4524437,4d1927de6151a141,,,,19
28c623daa2eb72a6,2026-09-02 18:12:52,new_award,4532515,4d193d2a61298230,,,,1
16642c0cbaf38e6a,2026-09-02 18:12:52,new_award,4574365,4d74c9b2d4afe8e8,,,,32
6b3caadb0ebda3d4,2026-09-02 18:12:52,new_award,4578063,4d807dbb7012aa54,,,,16
44811c04a934b1ed,2026-09-02 18:12:52,new_award,4561887,4d87370ea3c1b1be,,,,21
4118e67816492a60,2026-09-02 18:12:52,new_award,4531882,4d9b440623495539,,,,10
7bc9cc3b510747a4,2026-09-02 18:12:52,new_award,4578834,4da7b35ae3c5405b,,,,31
0482215fa1e3b03e,2026-09-02 18:12:52,new_award,4561887,4dce136c0eafc30e,,,,7
18b59d9479d224b4,2026-09-02 18:12:52,new_award,4529481,4ddad366d04beb0a,,,,31
1b2d5488313443f6,2026-09-02 18:12:52,new_award,4561887,4dfc4c32e43f1fff,,,,13
0ce03186c3347c0e,2026-09-02 18:12:52,new_award,4529481,4e6a6a939846821d,,,,24
71edd1f0a1e30298,2026-09-02 18:12:52,new_award,4554053,4eb45f9e36bd49b1,LMT,,,35
dddddb8290671f00,2026-09-02 18:12:52,new_award,4573283,4f90421bc42aa7de,,,,26
9de30cfa9db91b53,2026-09-02 18:12:52,new_award,4560267,4f9b552b9ff9b0f4,RKLB,,,64
8ff93eb5a59ba5fa,2026-09-02 18:12:52,new_award,4566629,4fb6b6b08d7a3257,,,,36
dc4b5bd20074cf3b,2026-09-02 18:12:52,new_award,4532515,4ff9d12736463e43,,,,18
56ff88e5ac0c0c3f,2026-09-02 18:12:52,new_award,4568855,5016c1d18dec3a7e,,,,26
987273d54f5b52bf,2026-09-02 18:12:52,new_award,4581800,502cf4279ddb50e7,,,,38
64b08b860992474c,2026-09-02 18:12:52,new_award,4527010,50896dd6baec9a8b,,,,26
6142a71f54acac28,2026-09-02 18:12:52,new_award,4532515,50dfefc532313cef,,,,17
c89ddc01307c0fb3,2026-09-02 18:12:52,new_award,4580429,511f505f0b7f07ee,BAH,,,42
80961ec83fb801e8,2026-09-02 18:12:52,new_award,4530662,511f6381a0deee6c,SYY,,,48
7896c386bbb26531,2026-09-02 18:12:52,new_award,4586879,514c474306f2c57c,,,,30
2436cbe33d6e68b3,2026-09-02 18:12:52,new_award,4542809,518197aa8d537c77,,,,72
c483f053c31ac087,2026-09-02 18:12:52,new_award,4527010,51a2f805aa8b8770,GD,,,54
45ce36838043483b,2026-09-02 18:12:52,new_award,4573283,5213c3ec4c3f4773,,,,7
476bc5e4b81fca2a,2026-09-02 18:12:52,new_award,4572212,52413806f0d801ef,JLL,,,16
b7657514470cc405,2026-09-02 18:12:52,new_award,4580429,5259e52975f60bc9,,,,13
78494b9249d4ed1e,2026-09-02 18:12:52,new_award,4529481,53237e218c4da508,,,,17
34c2e1f47ec4028a,2026-09-02 18:12:52,new_award,4525817,5387bb6505d35dd7,,,,0
e32a92e42b22213e,2026-09-02 18:12:52,new_award,4529481,5395db9547d4c173,,,,0
62aee488a8a1a072,2026-09-02 18:12:52,new_award,4538357,53ad24f371ac804a,,,,0
6f501cff744a12c0,2026-09-02 18:12:52,new_award,4581800,53b9089d27f71157,GLDD,,,0
369297ba33746630,2026-09-02 18:12:52,new_award,4573283,53c460cadb0301b1,,,,7
6c99c32dc63e2360,2026-09-02 18:12:52,new_award,4528154,53cae66513f004bf,,,,10
52ff10e0237ce8b6,2026-09-02 18:12:52,new_award,4530662,541931db1590144c,NOC,,,0
d7d77429e3b0a6a7,2026-09-02 18:12:52,new_award,4529481,54961db0c33e217b,,,,0
7343fef0a9279928,2026-09-02 18:12:52,new_award,4578834,54afc89b48dae58a,,,,0
ddb82c3cf4482d41,2026-09-02 18:12:52,new_award,4549225,554246e99db136c1,LHX,,,0
9f2640fc37020721,2026-09-02 18:12:52,new_award,4578063,55601926387549e7,,,,9
981fcaedcdf8fcae,2026-09-02 18:12:52,new_award,4572212,55cb893748413aa7,,,,0
e0b079ecba5229a2,2026-09-02 18:12:52,new_award,4527010,55fbee1e34a3fbe6,,,,0
707fce3d4e9f99cb,2026-09-02 18:12:52,new_award,4529481,56325a60410f1915,HON,,,0
1e326a6690dc8dd9,2026-09-02 18:12:52,new_award,4573283,56581cb7ed5412f7,,,,29
e46e099f6fdd9860,2026-09-02 18:12:52,new_award,4580429,566e27ddfcec0d83,,,,14
ff97c398942a5cef,2026-09-02 18:12:52,new_award,4586879,5681869f9ae386e3,TTEK,,,0
284ab760d6346357,2026-09-02 18:12:52,new_award,4547947,5724218a14337b82,,,,0
8721e55061be6689,2026-09-02 18:12:52,new_award,4555477,57254a44e3e063f1,LMT,,,0
bf6f791b3330630f,2026-09-02 18:12:52,new_award,4586879,57854cbf0a1ebe9d,,,,0
3ab425f17372c931,2026-09-02 18:12:52,new_award,4560267,57a162785948c03a,,,,0
65b8e85eb0df3a85,2026-09-02 18:12:52,new_award,4533905,584c0820117276f2,,,,0
98ed443942db5ec3,2026-09-02 18:12:52,new_award,4529481,58a085b048d3ee88,,,,0
ea310c9242da4b64,2026-09-02 18:12:52,new_award,4574365,58cb7078fc545ae0,,,,0
7318b4933cd105c2,2026-09-02 18:12:52,new_award,4546541,58ef1ceffc124898,,,,0
a04cc46a9f41eb52,2026-09-02 18:12:52,new_award,4562834,58f72373cb9b3356,,,,0
0d64e7f6974fbe2d,2026-09-02 18:12:52,new_award,4532515,58fb5304e2dde61a,,,,0
c97e5f1b2c29a885,2026-09-02 18:12:52,new_award,4539526,59288379006345d1,LMT,,,0
95ae0606ed865bf4,2026-09-02 18:12:52,new_award,4561887,596df1cc6716e14d,NANO,,,0
19c272e0c5214ae7,2026-09-02 18:12:52,new_award,4560267,59c22d760d104a96,LMT,,,0
b3fb7f5770831a58,2026-09-02 18:12:52,new_award,4586879,59e1438a60558cb6,,,,0
b8e9e06d943d45a5,2026-09-02 18:12:52,new_award,4580429,5a0c83e637aa041c,,,,0
25a4688200ed98df,2026-09-02 18:12:52,new_award,4578834,5a28a2f6d24d283b,GLDD,,,0
0c4ba1a8539e4fad,2026-09-02 18:12:52,new_award,4530662,5a2ce9c22ac55d55,,,,0
6ad174a13bd4e44d,2026-09-02 18:12:52,new_award,4560267,5a5564fb1e4308f2,,,,0
02ab93346a276f27,2026-09-02 18:12:52,new_award,4524437,5ab9bfa6ff487b08,BA,,,0
851fe4fc945cb369,2026-09-02 18:12:52,new_award,4524437,5abcae144b657c48,NOC,,,0
e63afcf5449caa17,2026-09-02 18:12:52,new_award,4560267,5b1b8c98ac776bbb,LMT,,,0
88d231751f63ee9f,2026-09-02 18:12:52,new_award,4530662,5b3980ee810cd9f0,NOC,,,0
035ed830034f12f9,2026-09-02 18:12:52,new_award,4539526,5b4f93d1bc203827,,,,30
a729c908371740d0,2026-09-02 18:12:52,new_award,4560267,5b6e57b5ff3ccf2a,,,,0
d1cab4cea59a34f9,2026-09-02 18:12:52,new_award,4550330,5c1fd31b3190a8e2,,,,0
b014cee5dc586c08,2026-09-02 18:12:52,new_award,4524437,5c21e69a55398f3d,LMT,,,0
4e98b717c442b14b,2026-09-02 18:12:52,new_award,4562834,5c2436792df8d0b9,,,,13
4b39af442d716e5b,2026-09-02 18:12:52,new_award,4556787,5c2cf52f10dfe916,,,,0
45cd3124c12dfcba,2026-09-02 18:12:52,new_award,4573283,5c677892be7e2283,MMS,,,0
e713417857ce4f0b,2026-09-02 18:12:52,new_award,4551533,5c6d225273b3e90f,,,,0
1a3f49f10a56f7bd,2026-09-02 18:12:52,new_award,4561887,5c95f91858284abb,,,,31
22a424279e41e1b3,2026-09-02 18:12:52,new_award,4578834,5ca3223f1168f4a3,BA,,,0
85cef7b744cc3490,2026-09-02 18:12:52,new_award,4532515,5d1754ccb47a96f9,,,,31
145cfda44a3e6bcd,2026-09-02 18:12:52,new_award,4566629,5d5a5a0a103f271f,,,,0
708ed0cccba3e3ff,2026-09-02 18:12:52,new_award,4529481,5e0b73b5ec2b45ff,,,,13
4ee768bcdaf9284c,2026-09-02 18:12:52,new_award,4568855,5e12dd08221f28ef,,,,0
460843b370d64790,2026-09-02 18:12:52,new_award,4586879,5e1f00f69b3b3898,,,,0
256becf9c4aa513d,2026-09-02 18:12:52,new_award,4547947,5ecc27e7b1c1c7a9,LMT,,,0
82452a51f2398aba,2026-09-02 18:12:52,new_award,4578063,5f16f02a81013b6b,,,,0
0d0c925639203a03,2026-09-02 18:12:52,new_award,4535071,5f2ddc052ccf3a81,,,,14
58768f0ab6ec899d,2026-09-02 18:12:52,new_award,4573283,5fb2254f52f11e24,,,,0
16302372bd69135b,2026-09-02 18:12:52,new_award,4567805,5fbb63dd76187ef1,,,,0
8e7e76461b0d0f75,2026-09-02 18:12:52,new_award,4529481,5fc7144bb5b922ff,,,,0
aabf4fd0eed15cb9,2026-09-02 18:12:52,new_award,4528154,5fd163442a8e24b5,,,,19
11a0fe7bb6e8c06d,2026-09-02 18:12:52,new_award,4550330,6063ce95f42ac78a,,,,7
04a6a9b61d9452c8,2026-09-02 18:12:52,new_award,4580429,60acb1ad9e03d230,,,,29
d705f0bbc63b3015,2026-09-02 18:12:52,new_award,4554053,60f8cac6b4474f23,,,,0
6f0c8c7f0d0ed877,2026-09-02 18:12:52,new_award,4564890,61117f3a85a14723,,,,34
20ebe26de66faf23,2026-09-02 18:12:52,new_award,4561887,6116e5412c3a318c,,,,0
03b838d58ee96cce,2026-09-02 18:12:52,new_award,4551533,6122b254cf1762dd,,,,21
bc3fa8c0ba655432,2026-09-02 18:12:52,new_award,4576619,6160d2690c9b682b,GD,,,0
2f5451912765f075,2026-09-02 18:12:52,new_award,4555477,61eda81e1bb0f8f3,,,,0
6c25532fa0decc76,2026-09-02 18:12:52,new_award,4563655,627723d9b40e325f,LHX,,,0
4ce91f52bb93c5d9,2026-09-02 18:12:52,new_award,4552684,628876c5d4340c89,,,,0
42d6b6e7b2297710,2026-09-02 18:12:52,new_award,4557600,62a9cd8622c5e18f,,,,7
03f5b610d4f11eed,2026-09-02 18:12:52,new_award,4557600,62affa6c668a4952,,,,0
6053496a3b760fbf,2026-09-02 18:12:52,new_award,4525817,62f48db91da10861,,,,26
980c2a4df4770873,2026-09-02 18:12:52,new_award,4566629,63b8588f8637c9aa,,,,0
a8678eb18fb61175,2026-09-02 18:12:52,new_award,4529481,63bc3fbb3eb6298f,,,,0
7c36e5c2f6662b01,2026-09-02 18:12:52,new_award,4560267,63bfd54adf286d3d,LHX,,,0
e8997f0979646d73,2026-09-02 18:12:52,new_award,4527010,63ec88e79b014d1c,,,,0
4e75668599c68912,2026-09-02 18:12:52,new_award,4530662,640466e741db5b46,LMT,,,0
24b16e9527a12b60,2026-09-02 18:12:52,new_award,4542809,64927288e3a7f306,RR,,,0
46bc89bfde050d69,2026-09-02 18:12:52,new_award,4549225,64ca526c5cbe422b,,,,0
616efec99421cbe4,2026-09-02 18:12:52,new_award,4530662,65109ee029029ae3,ACM,,,0
a26d42a97dba89e9,2026-09-02 18:12:52,new_award,4560267,653befa919b4c547,,,,0
1aea667a10fca7cf,2026-09-02 18:12:52,new_award,4550330,6546f0005ded120e,,,,27
d808dcac3b499526,2026-09-02 18:12:52,new_award,4586879,65d73aaf01b74c58,,,,0
33eab54d9150005c,2026-09-02 18:12:52,new_award,4556787,6611b0251b1ab66b,,,,0
4abdf740590f4871,2026-09-02 18:12:52,new_award,4578834,66428b409a10be83,GD,,,0
371d1119eb1de040,2026-09-02 18:12:52,new_award,4575681,664530620b7943ac,,,,27
36e01a7d8553134a,2026-09-02 18:12:52,new_award,4578063,66b45b4823231a26,,,,20
4e84b6bd43017e70,2026-09-02 18:12:52,new_award,4578834,66c9155ac379f0ba,,,,0
59fcddc6385057c1,2026-09-02 18:12:52,new_award,4560267,6702070872f047e5,,,,0
af8b44e7405cd305,2026-09-02 18:12:52,new_award,4527010,6703955fd79c5354,RTX,,,0
fb800d8cb97d713a,2026-09-02 18:12:52,new_award,4561887,67324bcd1328cf56,,,,0
82d9da03aed95f58,2026-09-02 18:12:52,new_award,4586879,674588e9e450be9e,,,,6
70f8da6beaaaf37f,2026-09-02 18:12:52,new_award,4580429,67aa678f82edb2d7,,,,0
89a9c70b4a4864cc,2026-09-02 18:12:52,new_award,4585867,67aee9c3ed26880e,TECH,,,0
8330e27f773b01a7,2026-09-02 18:12:52,new_award,4527010,67e0a89bfbe6cfe1,,,,0
c169223b30501564,2026-09-02 18:12:52,new_award,4531882,68059a7f05be8c38,,,,9
2010cd6c8547a601,2026-09-02 18:12:52,new_award,4529481,685dbdba29f4e735,,,,31
3a1c4db6f9c45b34,2026-09-02 18:12:52,new_award,4529481,687b00011c060ebc,,,,31
85fdd8a9352e966b,2026-09-02 18:12:52,new_award,4527010,689e0b352906af46,,,,0
003927183597171c,2026-09-02 18:12:52,new_award,4567805,68ac75b3e8d6ae49,,,,0
8ddf666df7162f1d,2026-09-02 18:12:52,new_award,4586879,68c1058ed6eb5251,BA,,,0
c76317618ee0ced3,2026-09-02 18:12:52,new_award,4586879,68f904dfa17b30c8,,,,0
12ea8baa70ed3cd0,2026-09-02 18:12:52,new_award,4529481,68fb4eb601b62be8,,,,0
632f9bb6a407322d,2026-09-02 18:12:52,new_award,4584771,690efb18409ccdee,,,,0
21a0f1bc148c8a76,2026-09-02 18:12:52,new_award,4586879,693b584a5a449b84,KBR,,,0
ffc3010b438123bf,2026-09-02 18:12:52,new_award,4582621,69ae57ccc3a3017a,,,,8
81f5de54002bdaea,2026-09-02 18:12:52,new_award,4529481,69c320bfe7d03f6c,NOC,,,0
d4cc8a3aae309040,2026-09-02 18:12:52,new_award,4527010,69cb13ba015095d5,,,,0
30d672594a5692dc,2026-09-02 18:12:52,new_award,4538357,69ff4c3354460c09,,,,26
1aab19f0bc54a57f,2026-09-02 18:12:52,new_award,4560267,6a336ef6ec401ae3,,,,0
00a6ad9de57ae9e5,2026-09-02 18:12:52,new_award,4560267,6a351496927ae3c6,LMT,,,0
b3eba036d26ef48b,2026-09-02 18:12:52,new_award,4547947,6a680467adb41ce2,,,,0
720d247d4fe52fe0,2026-09-02 18:12:52,new_award,4527010,6a70d152c91742b7,VEC,,,0
532b8a149278dc08,2026-09-02 18:12:52,new_award,4546541,6a981670037aa0a9,,,,0
eea1de49dc8b6481,2026-09-02 18:12:52,new_award,4565715,6b15788945df4ed8,BA,,,0
04463f30dda90a46,2026-09-02 18:12:52,new_award,4560267,6bc1c1b9bdd290ac,,,,0
b72a9345e1e37d6d,2026-09-02 18:12:52,new_award,4572212,6c046b24999541a1,,,,0
9cb4855055d3ba93,2026-09-02 18:12:52,new_award,4584771,6c72081d040fdc87,,,,0
9a2655764700d951,2026-09-02 18:12:52,new_award,4546541,6cb89f64e4f96f16,,,,0
cb908066b355e02a,2026-09-02 18:12:52,new_award,4572212,6cc9de9db633064b,FSI,,,0
1cd0cba8c664a730,2026-09-02 18:12:52,new_award,4575681,6cd76bf9f68bf344,CACI,,,0
e2874c4ee2b7e0fe,2026-09-02 18:12:52,new_award,4529481,6cfae19cdeb0c5a2,LMT,,,0
d59dc121cc14d6ad,2026-09-02 18:12:52,new_award,4528154,6cff5d0c27414f3e,,,,10
217e505104db15cf,2026-09-02 18:12:52,new_award,4527010,6d3b5a12efd4652e,,,,0
9d67538608e14872,2026-09-02 18:12:52,new_award,4529481,6dbe3afab93a044c,SAAB-B,,,0
da46cd6d38b57179,2026-09-02 18:12:52,new_award,4525817,6dd86c0edfd9124d,,,,0
a965f52db2e84cd4,2026-09-02 18:12:52,new_award,4560267,6df166d544b48b4e,,,,0
03518015f12572cf,2026-09-02 18:12:52,new_award,4549225,6e2661842cf0a1ba,,,,31
a4ceeabe7fb3546a,2026-09-02 18:12:52,new_award,4556787,6e32744ebeca6ba5,,,,0
6d62a6f98e51083d,2026-09-02 18:12:52,new_award,4525817,6e54d0603fe31a10,NOC,,,0
619bac697a238c89,2026-09-02 18:12:52,new_award,4529481,6e850858fc02785b,,,,31
3a85c4bb63999f3c,2026-09-02 18:12:52,new_award,4575681,6e9b33971db44feb,LMT,,,0
9cbd727682a0f3f5,2026-09-02 18:12:52,new_award,4533905,6eb17e01e9ea9797,LMT,,,0
baf25e9732d8e070,2026-09-02 18:12:52,new_award,4586879,6ec84bbba4d2d2ff,,,,0
37156eb44552628c,2026-09-02 18:12:52,new_award,4581800,6fa55f717e4d2049,,,,0
e212fe7d390b82bc,2026-09-02 18:12:52,new_award,4584771,6fabf49ff03ac868,NOC,,,0
23625766031d04d7,2026-09-02 18:12:52,new_award,4533905,6ff8510b96451f9e,,,,29
1f5f8b924dbd50e6,2026-09-02 18:12:52,new_award,4546541,706b34a90ee21a96,,,,0
9118aed9625b7e11,2026-09-02 18:12:52,new_award,4525817,709473ae2baaa5b4,HPE,,,0
49bbffeb145b4f05,2026-09-02 18:12:52,new_award,4560267,710c5596088cfec7,,,,0
5fe84768995b13c3,2026-09-02 18:12:52,new_award,4581800,7136223eb7a5568b,,,,0
54dc6ffb0d1e5f10,2026-09-02 18:12:52,new_award,4586879,714a01167347ce1c,MGGT,,,0
9f9a330a6dfb4237,2026-09-02 18:12:52,new_award,4529481,719e06a6d80418db,,,,0
5f1200dd411e8e6d,2026-09-02 18:12:52,new_award,4539526,71acca615f438fab,,,,30
0cde8086937bb68e,2026-09-02 18:12:52,new_award,4554053,7217521916ca952d,,,,29
803c1c169d1e59cc,2026-09-02 18:12:52,new_award,4524437,721a8ae7a05d011a,LHX,,,0
45f6c132fef057df,2026-09-02 18:12:52,new_award,4562834,722d7b71747d364b,,,,0
cd800e033a8c1851,2026-09-02 18:12:52,new_award,4546541,72379657ef596947,,,,14
6242add72d224dfa,2026-09-02 18:12:52,new_award,4539526,7241e18d3eead3e7,,,,0
e76552c506ffa899,2026-09-02 18:12:52,new_award,4546541,7249091671c5487f,,,,0
ae4c577da2a90087,2026-09-02 18:12:52,new_award,4530662,7277f1d9ccf35b1d,,,,24
347a6f113e4b2ebd,2026-09-02 18:12:52,new_award,4584771,727b84f4b4d2af76,,,,0
ad55a11e0d63821b,2026-09-02 18:12:52,new_award,4575681,7294208cbece52e9,LMT,,,0
5172425458efda0d,2026-09-02 18:12:52,new_award,4532515,72b6e50aa65bdd1b,,,,0
1d297a0911a3efaa,2026-09-02 18:12:52,new_award,4527010,7301477a1c75ceb5,,,,0
866afe4aa04e16fd,2026-09-02 18:12:52,new_award,4540411,7304f417215b79b1,BAH,,,0
5c45768e4ebfa4a9,2026-09-02 18:12:52,new_award,4562834,730da6ccf6b38bc6,CAE,,,0
7950e508b9100555,2026-09-02 18:12:52,new_award,4585867,731b239915aaacfd,,,,28
0a9c2fcc03ad5c7c,2026-09-02 18:12:52,new_award,4547947,7364c7de0f7316dc,,,,16
6d65d99df750938b,2026-09-02 18:12:52,new_award,4527010,736509fa7176e279,GE,,,0
0123b464777bdd63,2026-09-02 18:12:52,new_award,4539526,73bb665518d943e3,,,,0
2439f4d69d32becc,2026-09-02 18:12:52,new_award,4546541,73bf7c2bc5485847,,,,0
606e36594803b206,2026-09-02 18:12:52,new_award,4575681,749b512fdbafe5a0,,,,0
cb569b09388fec5a,2026-09-02 18:12:52,new_award,4530662,7510175afa117edc,LDOS,,,0
a5b9480990d3ec84,2026-09-02 18:12:52,new_award,4585867,755bd95ef82c0587,,,,0
24cd43b1f704343c,2026-09-02 18:12:52,new_award,4584771,756fe4ec21e26781,,,,0
c6fe47d6ce7fbcad,2026-09-02 18:12:52,new_award,4538357,75e403561772bde8,,,,0
5822f398e3adca5f,2026-09-02 18:12:52,new_award,4568855,7623197c4c80490f,,,,0
fc22f119d0b226e5,2026-09-02 18:12:52,new_award,4560267,769df4bca8bcf32d,,,,27
edc3b4c05bd4b1a3,2026-09-02 18:12:52,new_award,4586879,76a83308427af7ef,,,,0
3704e6a3a660b49f,2026-09-02 18:12:52,new_award,4546541,76c5f204b55ba0e1,MATX,,,0
ecd80c6c693dcf2e,2026-09-02 18:12:52,new_award,4529481,76f57e635b485f66,,,,31
0e6a5a4647418ed0,2026-09-02 18:12:52,new_award,4566629,772d31317f234793,,,,0
c68c27fa402136f4,2026-09-02 18:12:52,new_award,4581800,7787b164d7f8ffaa,,,,20
a826fe5cd0a1b8c9,2026-09-02 18:12:52,new_award,4546541,7810fd32963d3f10,,,,0
6f59bc7cacb12054,2026-09-02 18:12:52,new_award,4538357,78c2a8342e2ffdcc,,,,13
cc882c4b85ad2e62,2026-09-02 18:12:52,new_award,4560267,78c8bf2684a5a223,,,,34
e86cc82d35245230,2026-09-02 18:12:52,new_award,4546541,790a87f621a21ec0,MAERSK.B,,,0
6f7c49cbc9f67468,2026-09-02 18:12:52,new_award,4584771,790dc13fff09f6e6,,,,19
cb819e93dc4ad53e,2026-09-02 18:12:52,new_award,4545450,7938c3d176d340cf,,,,0
a7f3f292075201a7,2026-09-02 18:12:52,new_award,4567805,793c64819c395eee,,,,0
289998261af90144,2026-09-02 18:12:52,new_award,4583752,795b66df4a47a913,,,,0
782f5d6c621b1392,2026-09-02 18:12:52,new_award,4564890,79a2d589574dfe15,,,,31
5ffbcdc5350d5720,2026-09-02 18:12:52,new_award,4584771,79a7e7323d396c95,GD,,,0
56bc144f651c601e,2026-09-02 18:12:52,new_award,4572212,79bcce3b54ee75af,USFD,,,0
79ae7482705c0167,2026-09-02 18:12:52,new_award,4551533,79ef9f94818a3bc3,,,,31
b1fd4de396004f25,2026-09-02 18:12:52,new_award,4533905,7a0d932f5ef22bc1,LMT,,,0
bce0ce052a32080c,2026-09-02 18:12:52,new_award,4546541,7a367661f84c2d96,,,,0
14407e00b6f60ee3,2026-09-02 18:12:52,new_award,4573283,7a4aab0e99bd3651,NOC,,,0
180bcb5473062765,2026-09-02 18:12:52,new_award,4529481,7a9a703eb22c216f,RTX,,,0
31c3dfe1018cd6d7,2026-09-02 18:12:52,new_award,4573283,7aa0d1d213d622b7,GD,,,0
bbfb333dc35c02ef,2026-09-02 18:12:52,new_award,4540411,7ab576576c0b2219,,,,0
f2563f4b1e0f9775,2026-09-02 18:12:52,new_award,4583752,7ae254d415530cf8,,,,7
52b4b7198dc1e154,2026-09-02 18:12:52,new_award,4529481,7ae5d33967846f90,,,,0
8f8b943d4d3cd0e9,2026-09-02 18:12:52,new_award,4586879,7b044b64d93d27e3,CAE,,,0
e8cf9eff52359c3f,2026-09-02 18:12:52,new_award,4527010,7bc7e3e4c7c80ee9,BBL,,,0
09b7a58d7a61513f,2026-09-02 18:12:52,new_award,4529481,7bcdfe4b92b6b488,ETN,,,0
168171f5371e7db4,2026-09-02 18:12:52,new_award,4560267,7c0e8d3c030ae25c,PSN,,,0
9909f6149ce38ce8,2026-09-02 18:12:52,new_award,4580429,7c41401a6335d07d,,,,28
55a14ee1240babc3,2026-09-02 18:12:52,new_award,4542809,7c63a1dc6180541e,LHX,,,0
b19ce2a0953af06f,2026-09-02 18:12:52,new_award,4567805,7c81663ecf730e99,,,,0
8b72707434f912ba,2026-09-02 18:12:52,new_award,4529481,7cbf17a722369c99,ETN,,,0
141f03a86b9e3e30,2026-09-02 18:12:52,new_award,4567805,7cc61a98bc4b48c6,,,,14
13ab20a69e209622,2026-09-02 18:12:52,new_award,4580429,7cfed6b60507b516,,,,13
33bf2dd724f20205,2026-09-02 18:12:52,new_award,4538357,7d0e7c4261d541d9,,,,0
a08a49fcea7e1fd5,2026-09-02 18:12:52,new_award,4585867,7d27e26b7b4469f3,GE,,,0
7e2b4c43c32e74d1,2026-09-02 18:12:52,new_award,4573283,7d3dc29af7f97060,,,,0
827a534b259167ba,2026-09-02 18:12:52,new_award,4560267,7d72ec5855301ffc,,,,0
8033026e5440bba9,2026-09-02 18:12:52,new_award,4567805,7db95a581a85f3d5,,,,13
443dbe9e69068ff2,2026-09-02 18:12:52,new_award,4585867,7de1b72e4bb376e9,TLS,,,0
987e95a1b696de16,2026-09-02 18:12:52,new_award,4550330,7de72f18d7fb353a,,,,0
b5759c76ae9077df,2026-09-02 18:12:52,new_award,4540411,7e961722852200f2,,,,14
81abf855e1c02634,2026-09-02 18:12:52,new_award,4525817,7ee037def3a82d01,LMT,,,0
4890dfdf5b37db6e,2026-09-02 18:12:52,new_award,4562834,7eff5b5138985b0e,LMT,,,0
8e6f1d8896ec5a75,2026-09-02 18:12:52,new_award,4527010,7f17e28db0afff2e,,,,0
015cf0e7bb0046ea,2026-09-02 18:12:52,new_award,4550330,7f79d5565de5b9fc,,,,0
d6266f3bbf343070,2026-09-02 18:12:52,new_award,4530662,7ff4ea6f0ccf8bca,SAIC,,,0
4e3c4e70d405f3a1,2026-09-02 18:12:52,new_award,4539526,80383168a3502689,,,,0
f581f5ea92c441ae,2026-09-02 18:12:52,new_award,4561887,808e8466d1f1dc21,,,,0
65cfe5d6f9dcf8d3,2026-09-02 18:12:52,new_award,4578834,8098f0fe3781bce8,,,,14
775b726def7bce49,2026-09-02 18:12:52,new_award,4580429,809e0b91bbb0f1fe,HON,,,0
bbead12141f5dea2,2026-09-02 18:12:52,new_award,4573283,80c7b3e85698644a,,,,0
0ef6a320b19aa37f,2026-09-02 18:12:52,new_award,4573283,810db46a8fb0ef5e,,,,0
f39294c6d2b73927,2026-09-02 18:12:52,new_award,4528154,811b2f632a46e844,,,,10
098267bf6fd2b0f6,2026-09-02 18:12:52,new_award,4585867,811b599172e4b8eb,,,,13
2f649b831f685059,2026-09-02 18:12:52,new_award,4566629,8154c634d1e4beea,GLDD,,,0
a868c68e9812c038,2026-09-02 18:12:52,new_award,4584771,81f2dc2579e65bbf,RTX,,,0
6374d8c8930d07d1,2026-09-02 18:12:52,new_award,4578834,8258b39215467927,,,,0
2f8b9121c092e87d,2026-09-02 18:12:52,new_award,4530662,82593994ff05cf34,,,,0
a8720a93a1b6b973,2026-09-02 18:12:52,new_award,4582621,825c745a06a8e3d2,,,,0
8e55df03807a2203,2026-09-02 18:12:52,new_award,4529481,82740e088e8cd168,,,,31
a835f85f65c5988c,2026-09-02 18:12:52,new_award,4546541,8279f715a0bd84ea,,,,0
cd63f2834223ee67,2026-09-02 18:12:52,new_award,4574365,82cc0f3a9e990a38,AIR,,,0
3b07563ea9a0f9ad,2026-09-02 18:12:52,new_award,4573283,8311137f240b640b,,,,7
4a8995f1bc836c61,2026-09-02 18:12:52,new_award,4524437,8312d2b372edb327,,,,0
61c5841439bcd37d,2026-09-02 18:12:52,new_award,4529481,832548d3dfc7a65e,,,,19
29ee456ee17345e8,2026-09-02 18:12:52,new_award,4546541,833e2edd3a2fa368,,,,31
e27802e96b45d633,2026-09-02 18:12:52,new_award,4580429,83dc09eb3a3cd4c2,,,,0
b92d1647a9b9ed04,2026-09-02 18:12:52,new_award,4540411,83e8a25b33498318,,,,0
dd441b938c22af8a,2026-09-02 18:12:52,new_award,4546541,84102e3ee2434b38,,,,0
f07883e414d0e184,2026-09-02 18:12:52,new_award,4560267,84d62c254bff4658,GD,,,0
77482e8776919944,2026-09-02 18:12:52,new_award,4546541,84ea31537ad6e981,,,,0
5af21d8a6e7c71da,2026-09-02 18:12:52,new_award,4555477,850509e892771023,,,,8
4458a179cea0f617,2026-09-02 18:12:52,new_award,4525817,85063dea31fba6aa,,,,34
4e12e2ad37bec5cd,2026-09-02 18:12:52,new_award,4532515,851ab8d809b16c3b,,,,17
fe5678086f7dfc82,2026-09-02 18:12:52,new_award,4529481,851aedb2860a2fc6,,,,0
283ee35d13a58128,2026-09-02 18:12:52,new_award,4564890,852104bc3596a248,RMT,,,0
c6ccaf3ea138d751,2026-09-02 18:12:52,new_award,4546541,853469333071a05b,,,,0
6a0be895eaccedf7,2026-09-02 18:12:52,new_award,4542809,8536a6c4a28197d0,,,,0
d0787d327079cc7e,2026-09-02 18:12:52,new_award,4578834,8539dabaa526cd5d,,,,10
ddbf6a954e62f0d9,2026-09-02 18:12:52,new_award,4529481,8546a101bb77eeb2,,,,7
d19de335410b8b8a,2026-09-02 18:12:52,new_award,4529481,854fdcbf0b903974,,,,0
f1d2a4b912765256,2026-09-02 18:12:52,new_award,4572212,85902ab7c0221cd8,,,,0
4d7047032d3e56d8,2026-09-02 18:12:52,new_award,4529481,85c05c8a671eec36,ETN,,,0
108eea10fd158e63,2026-09-02 18:12:52,new_award,4554053,85efeaeb9f208ca6,,,,0
97dac9503886aee2,2026-09-02 18:12:52,new_award,4568855,8655df8fdd0a1fa9,,,,0
a7af905d28b23607,2026-09-02 18:12:52,new_award,4578834,869240dcac62ffe7,RTX,,,0
c8d710ab6f547a98,2026-09-02 18:12:52,new_award,4584771,86a4d21c148a4167,,,,0
9aa56d266ce7cdfd,2026-09-02 18:12:52,new_award,4561887,86a504ce7dd23861,,,,0
247f0d78becb93e3,2026-09-02 18:12:52,new_award,4545450,86c7ee159ad12531,,,,16
82c7c4cd60b57051,2026-09-02 18:12:52,new_award,4546541,86deb1da4d07df25,LDOS,,,0
448b032bced74901,2026-09-02 18:12:52,new_award,4567805,877db7c79306e36e,,,,0
d6a530840ffd7bca,2026-09-02 18:12:52,new_award,4529481,878ea0c373e9954e,,,,0
f79b592659012ae9,2026-09-02 18:12:52,new_award,4529481,87c11c602f0c17f0,,,,0
e33872adffa7fb4d,2026-09-02 18:12:52,new_award,4560267,885b066c258ec34f,,,,0
a5285a071131dc06,2026-09-02 18:12:52,new_award,4566629,8895250c484feb51,,,,0
121747d5a7573d06,2026-09-02 18:12:52,new_award,4528154,88aede0d18652aaa,,,,33
deb7407ec48e753d,2026-09-02 18:12:52,new_award,4549225,88bc4f193c9af301,,,,0
2c831673d60ebd26,2026-09-02 18:12:52,new_award,4554053,892e2cc17fa15832,KO,,,0
0c76954674db8445,2026-09-02 18:12:52,new_award,4575681,895309f8b737b9cf,,,,0
a9b4f7995b8afdd2,2026-09-02 18:12:52,new_award,4573283,89e3206d1368074c,,,,0
7e82d3d18c0ddfc6,2026-09-02 18:12:52,new_award,4560267,8a091a7eb5194dc4,,,,0
fcaa3b947ce684f5,2026-09-02 18:12:52,new_award,4550330,8a0bcb3094d3acc9,,,,0
17b813b102cd23da,2026-09-02 18:12:52,new_award,4561887,8a1c544cec588bf9,,,,0
38ac1dc94b95b891,2026-09-02 18:12:52,new_award,4527010,8a5114939d68ad0b,,,,0
9d0c048611b8856c,2026-09-02 18:12:52,new_award,4567805,8abfa89744ccc775,,,,0
9df27934cac44a3a,2026-09-02 18:12:52,new_award,4529481,8ac5ca967b25f674,,,,31
d3539190e9116d37,2026-09-02 18:12:52,new_award,4582621,8b29dea9cb6e30fe,,,,32
1b58c0f2cf8c70b9,2026-09-02 18:12:52,new_award,4574365,8b9ff1276faaf201,BA,,,0
a7b31fa52287d2f6,2026-09-02 18:12:52,new_award,4528154,8bf2c4275f4b3759,LMT,,,0
90f7b63a93b3d158,2026-09-02 18:12:52,new_award,4555477,8c0269c64c099e17,GD,,,0
d853b270ff6e7563,2026-09-02 18:12:52,new_award,4535071,8c04368c0fe58e54,,,,13
15c40aaa693080be,2026-09-02 18:12:52,new_award,4581800,8c1407949bd40df7,TXT,,,0
f6ffcee90c54e937,2026-09-02 18:12:52,new_award,4573283,8c8c8336b3fb74f5,LDOS,,,0
d39b265bcfb6c229,2026-09-02 18:12:52,new_award,4557600,8ca3b314ebed85d6,,,,0
448891afff415bf8,2026-09-02 18:12:52,new_award,4578063,8d1d5d2575faf832,ACN,,,0
da3f6cdfefd6d083,2026-09-02 18:12:52,new_award,4547947,8d3621ce764bf8a3,,,,20
180725cc54724e01,2026-09-02 18:12:52,new_award,4560267,8d61fa8c31476900,,,,15
e9ee0a93e8400687,2026-09-02 18:12:52,new_award,4529481,8d9f1c405a4f065c,,,,18
4be83f82746a481f,2026-09-02 18:12:52,new_award,4576619,8def23a36c84ae4d,,,,35
fcd581a9bcfa809b,2026-09-02 18:12:52,new_award,4527010,8e5d243750a055d3,GE,,,28
29ccfe9e403eaf4d,2026-09-02 18:12:52,new_award,4532515,8e812f7d7173c86c,,,,16
462a18339fd3ab34,2026-09-02 18:12:52,new_award,4578834,8ea8f52de34241d7,,,,22
c0abf3e1662082c7,2026-09-02 18:12:52,new_award,4560267,8ee282eaa136c05c,LMT,,,42
06fe178585668261,2026-09-02 18:12:52,new_award,4561887,8f2e25a83cd388b2,,,,18
a5f17c6a19ba7c4d,2026-09-02 18:12:52,new_award,4525817,8f2f742841e1cdfc,,,,29
fe08154827c38f6b,2026-09-02 18:12:52,new_award,4549225,8f3176237953b177,BA,,,28
a7dbc5c8cc118248,2026-09-02 18:12:52,new_award,4586879,8f54f2e3860c674d,,,,32
a83a82d4095b59c4,2026-09-02 18:12:52,new_award,4581800,8f614a10f6bea0e5,,,,13
0a721d888e05dacd,2026-09-02 18:12:52,new_award,4549225,8f6ebce45557b327,RKLB,,,85
a4a66e0c2fff8fa3,2026-09-02 18:12:52,new_award,4528154,8fd49cb97b6b0553,,,,7
6948c8969ff45861,2026-09-02 18:12:52,new_award,4556787,8fdb1d8b83bbe46d,GD,,,24
f0acef786dcf4887,2026-09-02 18:12:52,new_award,4538357,90652db999be08fb,LMT,,,38
72f3f23a85be472b,2026-09-02 18:12:52,new_award,4578834,907d39d2edf21fa1,,,,22
d13cff364b00bc44,2026-09-02 18:12:52,new_award,4546541,908403bcc45dab90,,,,16
874ba9ee7b6cfc7e,2026-09-02 18:12:52,new_award,4532515,90ba935bbffbc012,,,,20
9453d200339f9a46,2026-09-02 18:12:52,new_award,4529481,90eff224cd9de180,AIR,,,44
868326e1a33cef47,2026-09-02 18:12:52,new_award,4551533,9106c49a7f7ecb6d,,,,29
708e802b34977834,2026-09-02 18:12:52,new_award,4575681,911d581b200ea6ce,,,,13
4a32a74eb5b4206a,2026-09-02 18:12:52,new_award,4556787,912edc3e778c120a,RTX,,,36
1e1f368a2a0ca722,2026-09-02 18:12:52,new_award,4562834,913c17ccba23d36e,,,,14
7f39ebe64ed7b6ff,2026-09-02 18:12:52,new_award,4529481,917fbdc72f5129d5,,,,17
b314dd82a3014aad,2026-09-02 18:12:52,new_award,4561887,91918df93e537386,,,,18
dfdbabe9227a01e5,2026-09-02 18:12:52,new_award,4529481,91d34f5fad5326bc,HII,,,0
0877f2f8b02b1fe8,2026-09-02 18:12:52,new_award,4554053,91d9318e48594d7e,PEP,,,0
2dccb978d5b15d79,2026-09-02 18:12:52,new_award,4565715,9225244f4d8a8993,,,,0
4036e1ea1aaeff06,2026-09-02 18:12:52,new_award,4560267,922a7c2621b5ec8a,,,,0
0594d4b3b45e468b,2026-09-02 18:12:52,new_award,4549225,92369a5543eefc0b,,,,0
0f2235e6fc2188a9,2026-09-02 18:12:52,new_award,4523515,9283211405dc1046,,,,0
7e7426965eceeae2,2026-09-02 18:12:52,new_award,4567805,92c402caf512b266,,,,0
0851f3fe1deaa231,2026-09-02 18:12:52,new_award,4568855,92fb001c51dc7198,BA,,,0
6747cee2aa243855,2026-09-02 18:12:52,new_award,4527010,93bee875732c8a58,,,,21
4998c4c90b616965,2026-09-02 18:12:52,new_award,4582621,93cdab5eeb35bf6e,,,,0
8a619838e6e57bc4,2026-09-02 18:12:52,new_award,4546541,94128e7aeb8018e1,,,,0
e7f4b8fe14c5bc91,2026-09-02 18:12:52,new_award,4539526,94255d76a3628c3e,,,,7
c79ad8b6ca2eaef2,2026-09-02 18:12:52,new_award,4560267,94566ee06dfe2bb1,GE,,,0
bce6683609e53be1,2026-09-02 18:12:52,new_award,4546541,950ee5a51dabf8df,,,,0
2396755572b2512e,2026-09-02 18:12:52,new_award,4542809,951034635e404bfd,,,,14
6eea4ed4ac91a7f4,2026-09-02 18:12:52,new_award,4567805,9510722a7105bc7e,,,,0
6f4c9634d13a9c58,2026-09-02 18:12:52,new_award,4580429,9543d93c341cf639,,,,0
c3c06be59fc438a3,2026-09-02 18:12:52,new_award,4560267,95684b8f72936805,,,,8
1295152f918b9e99,2026-09-02 18:12:52,new_award,4524437,95729624d446943c,,,,31
a70e91f256acbf04,2026-09-02 18:12:52,new_award,4527010,95a03805f4ba3be9,,,,14
66b6c929de5ccd7e,2026-09-02 18:12:52,new_award,4578063,95ec0cd2738da9d3,,,,15
72810eea7a032261,2026-09-02 18:12:52,new_award,4530662,95fb91b2b4ea54d5,LMT,,,0
2fe414ba46f61ddf,2026-09-02 18:12:52,new_award,4584771,9642e35e52142c99,LHX,,,0
5c480da9c9e5ce13,2026-09-02 18:12:52,new_award,4586879,964a56e8dd35f78b,,,,21
ae0aeaf786bbcb01,2026-09-02 18:12:52,new_award,4545450,967de7f38da7b5b5,SAIC,,,0
310a418527873071,2026-09-02 18:12:52,new_award,4582621,9681ccd6338b3df8,,,,0
03bcd8b3e2234327,2026-09-02 18:12:52,new_award,4551533,96a3aa3ad4911824,RKLB,,,0
0d15b0a079d785b5,2026-09-02 18:12:52,new_award,4560267,96f17d5b1048549e,FFY,,,0
d84f4b69770be219,2026-09-02 18:12:52,new_award,4566629,970d698431c7c790,,,,0
dea9d14182e513ca,2026-09-02 18:12:52,new_award,4529481,9743cb069db6e7da,,,,0
71e0c8f1e313a602,2026-09-02 18:12:52,new_award,4575681,97606471e6cdff53,,,,26
c5206c60e460ca6f,2026-09-02 18:12:52,new_award,4539526,97695667a5da1b50,,,,12
f60c18320f53af7a,2026-09-02 18:12:52,new_award,4563655,978025ca76293d09,RTX,,,0
70036f098a97716a,2026-09-02 18:12:52,new_award,4561887,97b80d4a3cafc84b,,,,0
7d00718acfb113da,2026-09-02 18:12:52,new_award,4560267,97babbe279a82cfc,,,,0
fdf1a6a5ace1c7ea,2026-09-02 18:12:52,new_award,4524437,97eeb08d0c72af8a,TXT,,,0
089aa2ecfb938b98,2026-09-02 18:12:52,new_award,4555477,989ebe1f08993a3b,RTX,,,0
bdc459e42198f47c,2026-09-02 18:12:52,new_award,4550330,98d21bcfac9576ba,RTX,,,0
81af69ebc242fc3a,2026-09-02 18:12:52,new_award,4586879,99abbfee6f831185,,,,0
42118ffc14342dc9,2026-09-02 18:12:52,new_award,4531882,99cbfe996c73414f,CLF,,,0
96177b0daf6daab7,2026-09-02 18:12:52,new_award,4560267,9a3e28555c25efb5,CACI,,,0
0bad44b7f710397d,2026-09-02 18:12:52,new_award,4582621,9acace59a28e6a06,,,,0
1a5f8b3623e2dd90,2026-09-02 18:12:52,new_award,4547947,9b19e4a3638ac552,,,,0
c520722c334d8fda,2026-09-02 18:12:52,new_award,4529481,9b469bb75e5ef4fc,,,,0
2a7cbb89c7ed45ed,2026-09-02 18:12:52,new_award,4539526,9bd6faafec87f557,,,,12
0db040026ace5f09,2026-09-02 18:12:52,new_award,4554053,9bd8e4b614b77f61,CAE,,,0
a25c7064abfc481c,2026-09-02 18:12:52,new_award,4561887,9bd93a0774de6d4f,NOC,,,0
b10c217c8cc8e87f,2026-09-02 18:12:52,new_award,4546541,9c0bbf5b94d3d3da,,,,0
54b74583f8855cd7,2026-09-02 18:12:52,new_award,4578063,9cc9bb697b06ae63,,,,0
b32f686fdcc504a1,2026-09-02 18:12:52,new_award,4542809,9cd6b9d0ec7437c0,,,,0
29f9932cdf121a10,2026-09-02 18:12:52,new_award,4573283,9cedbc633aa7f9a8,,,,0
b9b7337ed8b23745,2026-09-02 18:12:52,new_award,4540411,9cf5becfa62aaa7d,,,,0
51e7d9d2018eea6b,2026-09-02 18:12:52,new_award,4549225,9d68b0b8f0dcd3ab,,,,10
2f388ca17bb1c0cc,2026-09-02 18:12:52,new_award,4560267,9d6e949f06793420,,,,27
9d73d56ae80295af,2026-09-02 18:12:52,new_award,4560267,9de360ab3b0f8fb9,,,,0
7b020acfd1b94f5b,2026-09-02 18:12:52,new_award,4527010,9e89903ffa0cee42,,,,0
0f1b3b892b95365a,2026-09-02 18:12:52,new_award,4562834,9e9e986b502ff393,,,,0
96def2e2dc13765c,2026-09-02 18:12:52,new_award,4567805,9f03a01a3cc02a83,,,,14
5865b78ddff77fba,2026-09-02 18:12:52,new_award,4560267,9f299d8b5b9d3eae,,,,0
5519bdf9ee2cceb8,2026-09-02 18:12:52,new_award,4524437,9f3878560b1e5d2f,,,,16
ddff757cbb0f5549,2026-09-02 18:12:52,new_award,4555477,9f3b5a100f6473cd,,,,8
89de18805d652473,2026-09-02 18:12:52,new_award,4573283,9fff50d13d55fb3e,PSN,,,0
a1c36aa87b3a3ba8,2026-09-02 18:12:52,new_award,4580429,a0609a368927144f,,,,0
2fcd60db09fd4445,2026-09-02 18:12:52,new_award,4580429,a0980091f4c7044c,,,,0
ef6e173b9bb549dc,2026-09-02 18:12:52,new_award,4583752,a0a1e3742c44b889,TXT,,,0
c21df31ae09bb5a0,2026-09-02 18:12:52,new_award,4529481,a0a8564df18a2a23,RTX,,,0
9494ef13eda57002,2026-09-02 18:12:52,new_award,4546541,a10c8675b2d8bf7a,,,,0
e2fcd75b5cb6ae02,2026-09-02 18:12:52,new_award,4575681,a125d4db7dbe1402,LMT,,,0
b28168ebb5fbc56a,2026-09-02 18:12:52,new_award,4561887,a15228ed804c1362,,,,0
56469737f48881ac,2026-09-02 18:12:52,new_award,4523515,a16451102bdc34f2,LMT,,,0
4f3be28bf05458ed,2026-09-02 18:12:52,new_award,4561887,a18dfd62a66bfab5,,,,0
d6d8b5173845c6b1,2026-09-02 18:12:52,new_award,4562834,a1ad2e42fc1c1b8c,,,,0
0882eb128595766d,2026-09-02 18:12:52,new_award,4573283,a1dedc2253758fb6,,,,0
61e7daf3f95821bf,2026-09-02 18:12:52,new_award,4524437,a22f98012429db4e,,,,0
46ef35f691a0b925,2026-09-02 18:12:52,new_award,4532515,a26df5a49bfc215a,,,,17
1182dd015e01bd28,2026-09-02 18:12:52,new_award,4540411,a29f20bbc3369677,,,,0
38d3efcb106ddd8e,2026-09-02 18:12:52,new_award,4528154,a2d5fc71b4a5c97c,,,,7
fdf756d2809b39b3,2026-09-02 18:12:52,new_award,4540411,a2ff5316da47bdd8,,,,0
ee5b62c38e28ec4a,2026-09-02 18:12:52,new_award,4546541,a31adc6fa3b4c893,,,,0
74018d8dcdf4fb01,2026-09-02 18:12:52,new_award,4555477,a409b9269e40830a,TXT,,,0
3ae99a510567f959,2026-09-02 18:12:52,new_award,4529481,a476b919fec40356,,,,0
c566e6a7af39c985,2026-09-02 18:12:52,new_award,4539526,a61d124562c28cd7,,,,0
b64f225d7d680472,2026-09-02 18:12:52,new_award,4578063,a633d4b3d4be30cc,GLDD,,,0
a2a68ee6581c0938,2026-09-02 18:12:52,new_award,4529481,a686c08737ea2da7,,,,31
79ec61f450e1f091,2026-09-02 18:12:52,new_award,4566629,a6a079da6d697d40,,,,12
5a3a5f9d6fa391cf,2026-09-02 18:12:52,new_award,4560267,a6be6714831e4926,,,,0
cf2ea78eb9aa28ad,2026-09-02 18:12:52,new_award,4562834,a70c7aaa0ce6ab33,,,,0
6528356d539f7608,2026-09-02 18:12:52,new_award,4528154,a70d7e4de0091ec6,,,,0
9986d0b4f69ec6d3,2026-09-02 18:12:52,new_award,4575681,a74bfc18d9f023ff,,,,13
9b2649dd42f534e6,2026-09-02 18:12:52,new_award,4566629,a76abb9195bfe6e2,ACM,,,0
4ff41dcdc49c3ac8,2026-09-02 18:12:52,new_award,4560267,a77ffd1139ffa21a,OPTT,,,0
4790ae9f8fc90a56,2026-09-02 18:12:52,new_award,4546541,a7c3fe236d806e55,,,,0
322301ebde2052d2,2026-09-02 18:12:52,new_award,4560267,a845480dd6384205,,,,0
ad3a38328a452ee8,2026-09-02 18:12:52,new_award,4525817,a85c56ddc78b654c,HII,,,0
591288a150074cae,2026-09-02 18:12:52,new_award,4561887,a8cb7d8b2c33fea0,,,,16
5202a46171ad6128,2026-09-02 18:12:52,new_award,4529481,a8da38f8b5ba0726,,,,0
a167492b611bd296,2026-09-02 18:12:52,new_award,4532515,a90b5449917ec64c,JLL,,,0
572915b72a78d0b2,2026-09-02 18:12:52,new_award,4578063,a90ceb3e27464452,,,,0
ae6b502932db3c51,2026-09-02 18:12:52,new_award,4561887,a99a0c791c8992d8,,,,0
6a40e92bd468799b,2026-09-02 18:12:52,new_award,4583752,a9cd62db996ccbaf,ACM,,,0
493212e0ba3f23db,2026-09-02 18:12:52,new_award,4566629,aa7d2a67caae1a04,,,,12
b61a2ad7c1790be1,2026-09-02 18:12:52,new_award,4528154,aa8821f2e135482b,,,,7
8b2b573041f5410c,2026-09-02 18:12:52,new_award,4561887,aa98eca0d133ec3b,,,,0
e8a9430251cafff0,2026-09-02 18:12:52,new_award,4527010,aac8dafef1a58b07,,,,0
14eb3d2f0787b463,2026-09-02 18:12:52,new_award,4561887,aacd673b6c37e08f,,,,22
b16dd2d9395839c7,2026-09-02 18:12:52,new_award,4567805,ab1b5941ade796dd,,,,31
be171a422344e652,2026-09-02 18:12:52,new_award,4557600,ab488788d30ff76c,,,,8
9f9fa95546573e04,2026-09-02 18:12:52,new_award,4575681,ab97f3bc673c37fb,TXT,,,78
1db92340a2885502,2026-09-02 18:12:52,new_award,4551533,ac604a93a807b3e1,BA,,,18
648ffb148a2376a5,2026-09-02 18:12:52,new_award,4575681,ac86403f64de96c3,,,,35
a983f63775f66c8f,2026-09-02 18:12:52,new_award,4557600,ac86849434337c65,GD,,,21
9edc2cbad3ad84ed,2026-09-02 18:12:52,new_award,4554053,ace05385f36d4aea,,,,32
a807b510d27680ad,2026-09-02 18:12:52,new_award,4561887,ad1971998fdd5f11,,,,28
c32e88eb3c05efb7,2026-09-02 18:12:52,new_award,4559059,ad3ae47e6599ef04,GD,,,72
7fe7636bb6dcd78d,2026-09-02 18:12:52,new_award,4557600,ad82997b3b9241e7,,,,34
5d0ff528952e81a9,2026-09-02 18:12:52,new_award,4560267,addef79c8f0c39f6,NOC,,,48
e9106263f77907ff,2026-09-02 18:12:52,new_award,4529481,ae7834327efc4a97,,,,24
aa612a780033af78,2026-09-02 18:12:52,new_award,4525817,ae7a61afe77eb0de,,,,23
a8260bca5ff34b1e,2026-09-02 18:12:52,new_award,4583752,ae93cbbc1e5028f7,,,,11
4fa9e008f1d050fa,2026-09-02 18:12:52,new_award,4529481,aec5b23ca17a51c9,,,,31
081664e1af288a3f,2026-09-02 18:12:52,new_award,4554053,afeea234142781cd,GD,,,55
81c8346ffb49b123,2026-09-02 18:12:52,new_award,4575681,b00fee422cfcdf25,,,,33
21f3165858acd099,2026-09-02 18:12:52,new_award,4531882,b099571399051625,,,,14
320739ea36fe5896,2026-09-02 18:12:52,new_award,4560267,b0b3631a46b04f16,,,,7
46db736f51b9480b,2026-09-02 18:12:52,new_award,4562834,b1c70173e020e7e5,,,,20
dca8472e68cf6cfc,2026-09-02 18:12:52,new_award,4562834,b20f864e69c588dc,,,,26
6cdf48fc734f0957,2026-09-02 18:12:52,new_award,4532515,b25d05a27156ae1b,LMT,,,32
ea51c01d3930d8ad,2026-09-02 18:12:52,new_award,4564890,b265de8b0eaaeff5,SAR,,,38
6fe80f4991740f17,2026-09-02 18:12:52,new_award,4575681,b296c81b7b811ee8,,,,13
dee0cc730921dcbb,2026-09-02 18:12:52,new_award,4586879,b3465e727c800703,,,,27
26228d0a01209518,2026-09-02 18:12:52,new_award,4554053,b361457fc61bbdd1,,,,21
d51d366ddf080ec3,2026-09-02 18:12:52,new_award,4547947,b411a313d0d157e2,BA,,,25
ea0448911adc8804,2026-09-02 18:12:52,new_award,4574365,b41b21b1e0a07726,LDOS,,,20
84ca4b2d183b24d1,2026-09-02 18:12:52,new_award,4580429,b427629823a8cafd,,,,17
d30ab8ddc4a4c222,2026-09-02 18:12:52,new_award,4532515,b442f50a48d14a0d,,,,6
01fc597b1a855a34,2026-09-02 18:12:52,new_award,4560267,b470bec287048f4e,,,,31
3ec3d11b2a47e099,2026-09-02 18:12:52,new_award,4561887,b5015214ac9a86ef,,,,0
57a6b0c901766d87,2026-09-02 18:12:52,new_award,4564890,b509909591f0b77f,,,,18
deeab85901a33b98,2026-09-02 18:12:52,new_award,4578834,b5109ff34249c849,,,,21
d5dedb3e2cb3809f,2026-09-02 18:12:52,new_award,4562834,b5574192899df117,,,,0
293c3d53f7bd40d9,2026-09-02 18:12:52,new_award,4564890,b57cbe0309eb6e1a,,,,11
976c17ce371be9f5,2026-09-02 18:12:52,new_award,4560267,b611e46a306e91cd,,,,0
75718ad2d160747e,2026-09-02 18:12:52,new_award,4578834,b64bcf7c04196f37,,,,17
81c0603248c848bd,2026-09-02 18:12:52,new_award,4528154,b66c9f771ba77992,LHX,,,0
739baef3c5e562cc,2026-09-02 18:12:52,new_award,4538357,b6e3cbfe29b00030,,,,18
d0eb958d627ad302,2026-09-02 18:12:52,new_award,4531882,b70f24a4f7d744db,,,,0
871c483c75f4a42f,2026-09-02 18:12:52,new_award,4581800,b7105c1ad390e885,,,,0
fefcc4e1f178299e,2026-09-02 18:12:52,new_award,4539526,b71a09b94713bfca,GD,,,0
7d1a5d5808671dae,2026-09-02 18:12:52,new_award,4530662,b753a7cd65f3aca9,RTX,,,0
1e81a7906d34b69f,2026-09-02 18:12:52,new_award,4578063,b76fb3b0480d3629,,,,7
ec32ae74fd46911d,2026-09-02 18:12:52,new_award,4575681,b7b2be061e05cb9c,LMT,,,0
62fc6a09794fb21d,2026-09-02 18:12:52,new_award,4556787,b7bcdf70dfcfa83b,,,,0
1229a1e1ca6544d2,2026-09-02 18:12:52,new_award,4538357,b809b08dc351839e,,,,0
6c8b89aec8167924,2026-09-02 18:12:52,new_award,4586879,b814e6cf82b5fc80,,,,0
a27cc2bf8e9a4857,2026-09-02 18:12:52,new_award,4557600,b82e4d42fdd04963,,,,9
7f6323197124f629,2026-09-02 18:12:52,new_award,4546541,b8aaa15a8382fe2e,,,,0
a8f22df431524969,2026-09-02 18:12:52,new_award,4529481,b8cd138442ced8af,,,,22
537564c77d8bad9a,2026-09-02 18:12:52,new_award,4529481,b93ad9ac7479d7d9,,,,0
3ce90212c1da9995,2026-09-02 18:12:52,new_award,4580429,ba5ea72f025408d2,,,,0
2663a9804b6692ce,2026-09-02 18:12:52,new_award,4528154,bb20ac36f4e1d05c,,,,0
a7d9025052405919,2026-09-02 18:12:52,new_award,4552684,bb5246be9701bc7d,STN,,,0
c2841ceef1a0dc64,2026-09-02 18:12:52,new_award,4529481,bc1225b1e7715045,,,,31
0beebb82bab14e27,2026-09-02 18:12:52,new_award,4580429,bc4f680b21a7b8b1,,,,31
e31f5075b7b71edc,2026-09-02 18:12:52,new_award,4552684,bc7b504059ab1a7d,NOC,,,0
e6a6c96d8e510a69,2026-09-02 18:12:52,new_award,4532515,bcbe54a5f4f70a3c,,,,13
74ca3f6e22eda6c2,2026-09-02 18:12:52,new_award,4575681,bcde0e23fef8d0cd,,,,0
85c789a82ec99cba,2026-09-02 18:12:52,new_award,4529481,bcf0dc2b8e5b0b5f,,,,25
57dde687a61efcf4,2026-09-02 18:12:52,new_award,4563655,bcff4fcaf638f15f,,,,0
4a011504134ae6af,2026-09-02 18:12:52,new_award,4540411,bd6142ac83f84fa5,,,,7
64380cc32c0cd38d,2026-09-02 18:12:52,new_award,4524437,bdc144f6575f6a73,,,,14
4e8f6304301f289f,2026-09-02 18:12:52,new_award,4524437,bdc61999698511e8,,,,0
3dac6d57be6b83fa,2026-09-02 18:12:52,new_award,4576619,be2ce929e856cfc1,,,,10
688792f467c83892,2026-09-02 18:12:52,new_award,4528154,be472177de3f168b,,,,7
a59838563fec82c7,2026-09-02 18:12:52,new_award,4542809,be838a1444ae8432,,,,27
17c2f5be643c3d30,2026-09-02 18:12:52,new_award,4529481,bee88a236d0d2759,,,,31
56d1200b4ebb04f8,2026-09-02 18:12:52,new_award,4578063,beff15032fd30c70,,,,0
f34e99d089c17343,2026-09-02 18:12:52,new_award,4550330,bf17c9a357d0a64c,,,,0
acbaed7b901aa9b7,2026-09-02 18:12:52,new_award,4556787,bf1e9026b81f36cf,,,,0
a2247d86d394a2ca,2026-09-02 18:12:52,new_award,4560267,bf77447b155aa94f,,,,27
3b1f752abe713a45,2026-09-02 18:12:52,new_award,4540411,bf9a3eb6b77c5cf1,LHX,,,0
7d076cc5d8db9d58,2026-09-02 18:12:52,new_award,4566629,c0478eeb8d238528,RTX,,,0
f773baffd86d76a9,2026-09-02 18:12:52,new_award,4525817,c05d07f6cc21e0fc,LMT,,,0
b16b411af9219a2f,2026-09-02 18:12:52,new_award,4578063,c098e3b1b6fc3dc0,,,,6
e3333911ebe3fb2c,2026-09-02 18:12:52,new_award,4552684,c0d8853ff1132f90,,,,17
3980673e9253ffd1,2026-09-02 18:12:52,new_award,4572212,c0dd9af0b4be248b,DRS,,,0
8ea3d83ae14ca1d1,2026-09-02 18:12:52,new_award,4529481,c0f7c3369a1f9a4b,,,,0
b17f2e3d3d916431,2026-09-02 18:12:52,new_award,4575681,c1051beb690e3761,,,,0
cabc7c4c78fb30db,2026-09-02 18:12:52,new_award,4529481,c1224dc75db4d4bb,,,,31
85618da5fb420a0f,2026-09-02 18:12:52,new_award,4530662,c1376dcea3cbbc43,,,,0
7b8aa52f605d9187,2026-09-02 18:12:52,new_award,4530662,c1429d64e1740763,BA,,,0
f9fe894cc3f686ab,2026-09-02 18:12:52,new_award,4525817,c146b6ac26661b08,LHX,,,0
54b999853d268567,2026-09-02 18:12:52,new_award,4560267,c16980b50dc54b51,ACN,,,0
45d61cb7af48ff7d,2026-09-02 18:12:52,new_award,4546541,c1fb0cb5f759a750,,,,0
ee2ca769aa351c07,2026-09-02 18:12:52,new_award,4535071,c20e64bdc439589b,,,,22
6224be26e0d34a26,2026-09-02 18:12:52,new_award,4578834,c2636711918a20af,RTX,,,0
ec2d2e589c4d5e61,2026-09-02 18:12:52,new_award,4546541,c27ed9dedf335134,,,,0
c7c3a03507452569,2026-09-02 18:12:52,new_award,4531882,c291fdde2b71c71f,BAH,,,0
a4a5e68683b79b2c,2026-09-02 18:12:52,new_award,4529481,c2a5f5b85bc791db,,,,0
f03162c2b06fd050,2026-09-02 18:12:52,new_award,4535071,c2cbcb5fb1dd6d2a,GD,,,0
03569180d78d371d,2026-09-02 18:12:52,new_award,4581800,c381cfea029522ad,,,,28
2a804a5b9f1aa0af,2026-09-02 18:12:52,new_award,4580429,c3931a5cec03e281,,,,7
1dc814e1935fa61d,2026-09-02 18:12:52,new_award,4560267,c3ad75b3be1d6681,LMT,,,0
acd3bb06cfe4afb3,2026-09-02 18:12:52,new_award,4525817,c3b028304385f120,,,,1
8556d80b844db692,2026-09-02 18:12:52,new_award,4529481,c3bbba9374559183,,,,31
3eacdc770e2eccf8,2026-09-02 18:12:52,new_award,4528154,c4f392d351c5eb4a,,,,20
aeb444a05ad349bd,2026-09-02 18:12:52,new_award,4528154,c5305f3cad96bc76,,,,7
a1a67d6ca039cc97,2026-09-02 18:12:52,new_award,4561887,c56ea0f7816dfa49,,,,14
968fa85a36a75096,2026-09-02 18:12:52,new_award,4578834,c5a0a95177555c79,,,,27
334038f7baf9d412,2026-09-02 18:12:52,new_award,4561887,c5cf508134ddf911,,,,0
46130eccdafa9fef,2026-09-02 18:12:52,new_award,4546541,c5da59fa4326d28f,,,,0
61b4aa5593971fca,2026-09-02 18:12:52,new_award,4568855,c5e30bc28522d8f1,BA,,,0
5d9ced38cd130db5,2026-09-02 18:12:52,new_award,4535071,c5e4b39c6a3e138b,LMT,,,0
15cff06558a3608e,2026-09-02 18:12:52,new_award,4566629,c6222e5f80edef86,,,,0
878fefce3266d1dd,2026-09-02 18:12:52,new_award,4549225,c666a06db8b10671,OSK,,,0
ed47a4504015c5c8,2026-09-02 18:12:52,new_award,4573283,c673ca13267be8a2,,,,0
53680cfd6007d508,2026-09-02 18:12:52,new_award,4578834,c678b7335c3c5b42,LHX,,,0
ffaff1d372379255,2026-09-02 18:12:52,new_award,4538357,c6824a2d98bba781,LHX,,,0
2589352de8aee397,2026-09-02 18:12:52,new_award,4560267,c696d6a81999dc42,,,,27
eb4361c81d02f680,2026-09-02 18:12:52,new_award,4575681,c69c1c87a71fd974,,,,0
5a58a1387ae5207f,2026-09-02 18:12:52,new_award,4581800,c6b295189b97b119,SAAB-B,,,0
662503eb8020f7e9,2026-09-02 18:12:52,new_award,4584771,c6fa204f523807ab,,,,14
fc8b6a684e6afa7d,2026-09-02 18:12:52,new_award,4530662,c714ab871eceb763,,,,0
5e512f1d1f59c757,2026-09-02 18:12:52,new_award,4529481,c749ff3127f64c5f,,,,0
b4de459c1adc673b,2026-09-02 18:12:52,new_award,4565715,c7771e7856d99698,,,,0
2e12ba45b2a5445f,2026-09-02 18:12:52,new_award,4566629,c798aaac4e35f8a5,,,,7
3dbbd18f0315b25a,2026-09-02 18:12:52,new_award,4560267,c7abfde40746d11f,,,,27
8e2621873a1f63f6,2026-09-02 18:12:52,new_award,4533905,c7b0773a330f7df0,,,,7
2fb1570626892110,2026-09-02 18:12:52,new_award,4557600,c7d19742b1ccc304,,,,20
e63a068728c5d021,2026-09-02 18:12:52,new_award,4549225,c7d6bccc23b121d1,,,,0
be6c0c2ef38bf6d0,2026-09-02 18:12:52,new_award,4523515,c7e02b597f8d9f14,MOG,,,0
e8c4a6a421544ab6,2026-09-02 18:12:52,new_award,4551533,c829b2bf1056890a,,,,0
d5304c861cbc242c,2026-09-02 18:12:52,new_award,4567805,c8374b5233d024ff,LMT,,,0
16209370135d1287,2026-09-02 18:12:52,new_award,4568855,c8597235804fe5ba,,,,0
14d94bb05aef3428,2026-09-02 18:12:52,new_award,4546541,c86485e5fae570aa,LMT,,,0
c1e2a4176b73ad6a,2026-09-02 18:12:52,new_award,4532515,c875f41f9e956cf9,GD,,,0
7e4d7e551448cf3e,2026-09-02 18:12:52,new_award,4552684,c8b704be4f6a457c,,,,14
675d655151518273,2026-09-02 18:12:52,new_award,4542809,c91d9f184e600496,,,,11
881c77fe70fd63e3,2026-09-02 18:12:52,new_award,4528154,c9434eea708a356d,,,,33
a85a1587a6efa61a,2026-09-02 18:12:52,new_award,4566629,c94d83c5f26be061,,,,0
4effa644bd63c0bf,2026-09-02 18:12:52,new_award,4566629,c9cad8b55142d677,,,,12
ab1067cdb896cc29,2026-09-02 18:12:52,new_award,4531882,c9ecf4976639e39a,LMT,,,0
32fee30d6f0ebb32,2026-09-02 18:12:52,new_award,4561887,ca3abf56fb87674b,,,,0
26bd255cb38cd20f,2026-09-02 18:12:52,new_award,4530662,ca86548bb0b6a8d4,BA,,,0
ebcdb91d6525508b,2026-09-02 18:12:52,new_award,4586879,cac597df89dcb841,,,,15
03bdad55f7d3e92a,2026-09-02 18:12:52,new_award,4546541,cb0f46c901022e3b,,,,0
66be466c10cbecb5,2026-09-02 18:12:52,new_award,4567805,cb1a7412a88c44df,BA,,,0
458298b051cf0d24,2026-09-02 18:12:52,new_award,4586879,cb343661f020a0b3,ACM,,,0
3d8b542cac5a79a9,2026-09-02 18:12:52,new_award,4533905,cb76791564e66f2d,,,,9
df3f32380e9dfc02,2026-09-02 18:12:52,new_award,4560267,cb8c67b9ab4a1c8b,,,,0
260c33fd750034a3,2026-09-02 18:12:52,new_award,4552684,cb9440c2f56c205b,BA,,,0
36b0a6892b1352ad,2026-09-02 18:12:52,new_award,4550330,cc503417e5aee98d,,,,0
8fef0fcb1f267b40,2026-09-02 18:12:52,new_award,4585867,cc6166211e01c278,,,,0
16afbe29f22b8c7f,2026-09-02 18:12:52,new_award,4540411,cc9f273180d5b8f5,,,,0
17df6381700d3ac5,2026-09-02 18:12:52,new_award,4554053,cccbbac96515a367,,,,19
a5861cfdbe7fe671,2026-09-02 18:12:52,new_award,4529481,cd07fcc43ecffc4b,,,,0
1f62ce4b93fdfce3,2026-09-02 18:12:52,new_award,4573283,cd948a489f7ac0d3,,,,0
21732d891cce991e,2026-09-02 18:12:52,new_award,4561887,ce131bd439b903c8,,,,0
cb01a209ead7a91d,2026-09-02 18:12:52,new_award,4560267,cea596f4e2ec9b18,,,,0
3e903af4135604d9,2026-09-02 18:12:52,new_award,4585867,cef47e3ab92164f1,,,,33
0c7749433d3229c8,2026-09-02 18:12:52,new_award,4586879,cf22371272823a41,,,,0
b90f3a553385439a,2026-09-02 18:12:52,new_award,4575681,cf29bfbdcfdf9011,,,,0
48ddaa93d08e6db4,2026-09-02 18:12:52,new_award,4546541,cf31d3afdc53054b,,,,0
06d6be9ca8ecf6cb,2026-09-02 18:12:52,new_award,4545450,cf35278d0e72ac94,NOC,,,0
2f63f564f570b40e,2026-09-02 18:12:52,new_award,4529481,cf3ce97d6fccd21e,,,,0
47e60210cf7e4ce4,2026-09-02 18:12:52,new_award,4525817,cf6755fe6237bc82,,,,20
4bf0135ebb3c74e4,2026-09-02 18:12:52,new_award,4561887,cf70f8aa16fd491e,,,,0
39f6a14922f1c5c6,2026-09-02 18:12:52,new_award,4576619,cf9bde46746909d7,,,,19
4b6c15789231ca69,2026-09-02 18:12:52,new_award,4562834,cfe6e6c3de5fae1d,,,,0
d33ac9edda6588d4,2026-09-02 18:12:52,new_award,4538357,cfff0fbf5ba8f184,,,,0
ad41f1db634f1ca4,2026-09-02 18:12:52,new_award,4542809,d06e3e9b885e5cf3,,,,0
d7d146bb1c3bbd5e,2026-09-02 18:12:52,new_award,4540411,d0738cacafc8b019,,,,0
4288465795549faf,2026-09-02 18:12:52,new_award,4578834,d1104963d949a336,BA,,,0
3e10d39dbb0f6075,2026-09-02 18:12:52,new_award,4530662,d1261728e1b84eaa,LMT,,,0
3acf7ab5cde94dd4,2026-09-02 18:12:52,new_award,4546541,d131e4e4c89830de,,,,0
e4d4092199c7837c,2026-09-02 18:12:52,new_award,4530662,d14a93e1510a5f57,,,,0
bf7c97605c141ff9,2026-09-02 18:12:52,new_award,4529481,d195a0031f76971d,BA,,,0
5aafa11ea95e1157,2026-09-02 18:12:52,new_award,4551533,d1a4aabd30937491,HYLN,,,0
66d446640347b144,2026-09-02 18:12:52,new_award,4530662,d1e3966ed6d79f7a,,,,0
5faac58cd139deb4,2026-09-02 18:12:52,new_award,4560267,d28b7e0b99bed72e,NOC,,,0
3b4a416ded6e6cd7,2026-09-02 18:12:52,new_award,4527010,d29bdb75c606b745,,,,24
cbfb7490c2e37aee,2026-09-02 18:12:52,new_award,4564890,d2f617de1ecd9091,,,,27
11b756177e3f558d,2026-09-02 18:12:52,new_award,4578834,d32d94b183ea2f81,,,,0
6920050f5fc8da3f,2026-09-02 18:12:52,new_award,4529481,d3c1a2186c3292ee,BA,,,0
41bf17141b98ce06,2026-09-02 18:12:52,new_award,4585867,d463cda05e00ad55,,,,7
9d9222ffcd79df96,2026-09-02 18:12:52,new_award,4563655,d47664ac470bcf0a,BA,,,0
0085bd1c164b62aa,2026-09-02 18:12:52,new_award,4528154,d4be5e3eb7336077,,,,33
4a1b6f3fac436ee1,2026-09-02 18:12:52,new_award,4528154,d5a93d22782cd3c3,CHR,,,0
abc3dbb7a961c5ec,2026-09-02 18:12:52,new_award,4560267,d6687443b35033a4,,,,0
17d03805e67ce2a6,2026-09-02 18:12:52,new_award,4547947,d6c183ad27711c12,RTX,,,0
2d31974c4d535395,2026-09-02 18:12:52,new_award,4573283,d6d9063e4739a6d7,,,,0
4764f28383fb7ef5,2026-09-02 18:12:52,new_award,4574365,d746dd366d4871f2,,,,27
5e18718768a039c9,2026-09-02 18:12:52,new_award,4527010,d75bf33573f9942e,,,,0
797aa8a7b1615b03,2026-09-02 18:12:52,new_award,4560267,d7c7c79afc306a35,,,,0
c25cc0a6d57381f4,2026-09-02 18:12:52,new_award,4565715,d8526466a16f717a,,,,0
04773c610b7a32b1,2026-09-02 18:12:52,new_award,4584771,d85b6ea347a3a8dc,,,,14
b3b2c7d5dec81423,2026-09-02 18:12:52,new_award,4573283,d8803bd9b9b32f5d,,,,0
cd2bf37713246031,2026-09-02 18:12:52,new_award,4546541,d88fc4d840b5f89a,,,,0
175c3161889f6991,2026-09-02 18:12:52,new_award,4540411,d8c6a786300ae68e,,,,12
9d893347a6944177,2026-09-02 18:12:52,new_award,4562834,d9143f734995878d,RTX,,,0
a8bcfc8bb58b6512,2026-09-02 18:12:52,new_award,4582621,d925920beab7426c,,,,28
8864dd87cf7e1449,2026-09-02 18:12:52,new_award,4560267,d9543f28286f1e90,RTX,,,0
7ac7f3e3d81ae5b2,2026-09-02 18:12:52,new_award,4554053,d9601dd19743f0d7,LMT,,,0
349450eecaeb5102,2026-09-02 18:12:52,new_award,4578834,d9646e05b61f4eb5,,,,0
aac1c2621e6e50fa,2026-09-02 18:12:52,new_award,4546541,d9983c06613b6437,,,,9
2ac579127956357b,2026-09-02 18:12:52,new_award,4578834,d9a1083cb77a9db6,,,,13
e9f3ee6bb6f8f9ce,2026-09-02 18:12:52,new_award,4562834,d9a345f0b2895e14,,,,0
b0e1bfd2cfeba5d0,2026-09-02 18:12:52,new_award,4573283,d9c5285a95dd5290,,,,0
e8059f321af31d7f,2026-09-02 18:12:52,new_award,4585867,d9caf8e6667abd45,HII,,,0
e87180fa439499ce,2026-09-02 18:12:52,new_award,4554053,dab039882417b5cd,ORCL,,,0
7cab9af2c63fe819,2026-09-02 18:12:52,new_award,4539526,dabcd756df1865f7,,,,30
a6f975df8abcb6c2,2026-09-02 18:12:52,new_award,4580429,db371be689702a08,,,,0
f4e7264fc5c83bfd,2026-09-02 18:12:52,new_award,4565715,db5add98dc1fd31a,,,,0
bdf7e2d86d743109,2026-09-02 18:12:52,new_award,4525817,dbe6d4a58a167bfc,,,,22
bdd15cab6dec61b8,2026-09-02 18:12:52,new_award,4575681,dbea659e8cdd68f8,LMT,,,0
08ebd24e192c848b,2026-09-02 18:12:52,new_award,4564890,dc6a9d090facf269,,,,28
fef21535982375e5,2026-09-02 18:12:52,new_award,4551533,dc89508f7c606b14,,,,7
bed71a4a82ab3087,2026-09-02 18:12:52,new_award,4578834,dca7aa78a63bf497,STN,,,0
0aff7085ca408664,2026-09-02 18:12:52,new_award,4545450,dd3e1553789cf688,,,,0
2249ae8c3e66e9b7,2026-09-02 18:12:52,new_award,4560267,ddbae21809cd96ac,,,,0
eb80ca023b7c4e42,2026-09-02 18:12:52,new_award,4529481,dde55c91663b0284,,,,0
bbfc900e239ef83d,2026-09-02 18:12:52,new_award,4566629,de68ff380e0e8d18,,,,7
172c31b5d2ac93eb,2026-09-02 18:12:52,new_award,4573283,de88aac040ee99e3,,,,7
7217303f6a0b984e,2026-09-02 18:12:52,new_award,4550330,df0599a7e3569c36,,,,0
9b619cc6654535ef,2026-09-02 18:12:52,new_award,4535071,df2d019222da7062,LMT,,,0
cc81e059c845bc6b,2026-09-02 18:12:52,new_award,4530662,df33f2962906eb09,,,,28
ce79752e16f77bb5,2026-09-02 18:12:52,new_award,4525817,df993c5e7082b62d,,,,14
051c08fcb5f896ad,2026-09-02 18:12:52,new_award,4552684,dfed6a68febae5f7,TTEK,,,0
d2bdbcc93ae541c6,2026-09-02 18:12:52,new_award,4556787,dff5901f74472457,,,,9
ed40644b9e41fd41,2026-09-02 18:12:52,new_award,4529481,e059c02cbaa8ca1f,,,,0
858e7f1353568ab9,2026-09-02 18:12:52,new_award,4546541,e0f4077a966729dc,,,,0
ea85ee48d79e742d,2026-09-02 18:12:52,new_award,4560267,e0fc7c7715e5da51,NOC,,,0
f0935851f208ec0b,2026-09-02 18:12:52,new_award,4530662,e12a28d98f33ed77,,,,0
2fb5cda9f527ea04,2026-09-02 18:12:52,new_award,4560267,e19466c678d0f08f,,,,0
c5556c850f123d09,2026-09-02 18:12:52,new_award,4575681,e1a33ffe401f073f,,,,31
0dad01dd8c53f83f,2026-09-02 18:12:52,new_award,4529481,e1aba5889f912953,,,,31
5744a411f38be675,2026-09-02 18:12:52,new_award,4540411,e1e1b7a4d1ad8a66,,,,0
a72768a4be0b38d3,2026-09-02 18:12:52,new_award,4524437,e1ef1bb83912f1e3,,,,8
31c944bf235546d6,2026-09-02 18:12:52,new_award,4575681,e2300dfdea82305e,,,,0
501c11b23d4e66c0,2026-09-02 18:12:52,new_award,4575681,e230541d5c5c1328,,,,0
c025a9c104e9851e,2026-09-02 18:12:52,new_award,4528154,e235424e90884480,ACM,,,0
2684e53eb349aadb,2026-09-02 18:12:52,new_award,4552684,e2598b392fc2f9b7,PSN,,,0
031af1439c5f32cb,2026-09-02 18:12:52,new_award,4561887,e26b90a166f90cb5,,,,0
afe9f759646fda19,2026-09-02 18:12:52,new_award,4523515,e2b1bb482dd07b20,,,,0
988f7487e6d5880a,2026-09-02 18:12:52,new_award,4529481,e2bbdf56a1eaeda3,,,,31
e9abd855abf79b50,2026-09-02 18:12:52,new_award,4561887,e331d35ed437e860,,,,0
ba8a725899bc814d,2026-09-02 18:12:52,new_award,4574365,e337980f513fb62f,LMT,,,0
36cba8bb5c242f5d,2026-09-02 18:12:52,new_award,4576619,e3820719ab968913,,,,0
087fd5049e7daaf6,2026-09-02 18:12:52,new_award,4582621,e382f3419c5bdb88,SO,,,0
b34685936e4c8007,2026-09-02 18:12:52,new_award,4563655,e3a984bd370d36c9,,,,0
fda1326cf8da848b,2026-09-02 18:12:52,new_award,4561887,e3c0c064244bbb3e,,,,21
3c971aa693764355,2026-09-02 18:12:52,new_award,4584771,e420d2c76e8f5c21,RTX,,,0
d5afb8c2de61e490,2026-09-02 18:12:52,new_award,4547947,e427d9d24c9bee4d,,,,0
048d8e83f5cb3875,2026-09-02 18:12:52,new_award,4532515,e429f08ca97d1621,,,,0
57e30e08360c65e7,2026-09-02 18:12:52,new_award,4528154,e445bf3a33fde31d,,,,33
e13176d6e563a33e,2026-09-02 18:12:52,new_award,4578834,e4499bbeb34d306d,BA,,,0
2d8c18a1ecfe208c,2026-09-02 18:12:52,new_award,4560267,e452cbad56a96aeb,,,,0
fe96a3c2776c9dae,2026-09-02 18:12:52,new_award,4580429,e4c4b23e49bf09b7,,,,0
e5a9961280d8bb33,2026-09-02 18:12:52,new_award,4560267,e4d8adc859d5736f,,,,0
0eb6e5da4c82ebab,2026-09-02 18:12:52,new_award,4561887,e5186b626fd8886c,LMT,,,0
b55a21fbebed39f4,2026-09-02 18:12:52,new_award,4528154,e532f1b90686387c,,,,27
b94d499394bb3307,2026-09-02 18:12:52,new_award,4528154,e54b59cdcd92b10d,RTX,,,0
28ffbb948ca5d6ad,2026-09-02 18:12:52,new_award,4529481,e55e619df2f03d07,,,,0
81496549e414bbbe,2026-09-02 18:12:52,new_award,4563655,e5d923c8e1289466,,,,0
dba851e5d9de75dd,2026-09-02 18:12:52,new_award,4547947,e5dfdee04bc03d5e,BAH,,,0
db5e685200c27729,2026-09-02 18:12:52,new_award,4527010,e65db0ffa0589493,,,,0
aa0a9717e8d8d957,2026-09-02 18:12:52,new_award,4560267,e66577fd36aced97,,,,0
194464f15ed93695,2026-09-02 18:12:52,new_award,4559059,e6c0b7e4d7760b9e,HII,,,0
26d276a6e797b41c,2026-09-02 18:12:52,new_award,4532515,e6cbcc44315ccd9e,,,,0
78d88bffc050d22a,2026-09-02 18:12:52,new_award,4574365,e728aa33400bc81c,,,,7
17fef5dff29dbe1e,2026-09-02 18:12:52,new_award,4561887,e758c068d2a7a671,GD,,,0
30f20a9042dd9cb1,2026-09-02 18:12:52,new_award,4557600,e772272d8cf5e534,LMT,,,0
2084bed727f0255e,2026-09-02 18:12:52,new_award,4538357,e77e97824406f52f,LDOS,,,0
3a8335d0ee84b036,2026-09-02 18:12:52,new_award,4528154,e7d47799c313560a,LMT,,,0
905df72e4b1701ad,2026-09-02 18:12:52,new_award,4540411,e8207054fd1ff778,,,,0
eba0083ee455d3ea,2026-09-02 18:12:52,new_award,4550330,e823a5e7a06d9d4c,,,,22
9347dcc23a9fd712,2026-09-02 18:12:52,new_award,4573283,e87167f0d7725b99,,,,7
fd7a1d21ac7d3c1c,2026-09-02 18:12:52,new_award,4573283,e890421ca0958e13,,,,0
f83cf34dc6039d9d,2026-09-02 18:12:52,new_award,4547947,e8b5789e7ca7cbb1,,,,18
c9f512fc23cd1660,2026-09-02 18:12:52,new_award,4532515,e92042e1e8feb2b9,,,,0
f1c4fd558e95d638,2026-09-02 18:12:52,new_award,4565715,e938d40d7f5cd688,,,,20
f6d7ffc543b500b9,2026-09-02 18:12:52,new_award,4529481,e96ee0bb6da713a8,,,,24
3ec012d5c77dfae9,2026-09-02 18:12:52,new_award,4560267,e9965fdc67abdf0f,BA,,,0
30e784bfc72b390c,2026-09-02 18:12:52,new_award,4523515,e9aaf3f214c298de,,,,21
f4cdca1d8d9894a9,2026-09-02 18:12:52,new_award,4573283,e9d603aab17b4171,,,,0
3e5296a91df0e86d,2026-09-02 18:12:52,new_award,4580429,e9d9d18488bad98b,,,,0
96cc1d57ade00596,2026-09-02 18:12:52,new_award,4545450,ea07c2cd809d4d4b,,,,0
7d25ef61713308bc,2026-09-02 18:12:52,new_award,4542809,ea2a7b0bbd6feb9f,,,,18
27750da60ba40972,2026-09-02 18:12:52,new_award,4586879,ea442c9d6a76f262,,,,0
bcb910e0cc71a228,2026-09-02 18:12:52,new_award,4527010,ea609d01a909070f,OSK,,,0
78b147b3a97c65a1,2026-09-02 18:12:52,new_award,4586879,eab15556bcca8748,,,,0
6f16dbc23480ff22,2026-09-02 18:12:52,new_award,4584771,eac35bfc7e39633b,TECH,,,0
9e76dc05f652408b,2026-09-02 18:12:52,new_award,4580429,ead01b645dac1a12,,,,28
bee4b0b89e413b34,2026-09-02 18:12:52,new_award,4560267,ebb00f999f862e98,RTX,,,0
2754e683e8244f26,2026-09-02 18:12:52,new_award,4562834,ebdede5ab5c89cb9,,,,0
a5c431424405d329,2026-09-02 18:12:52,new_award,4586879,ec17f2eb7243dc38,,,,26
13fdd0794b535a88,2026-09-02 18:12:52,new_award,4529481,ec2ac8df636662c0,,,,0
da061b6cf1d16d7f,2026-09-02 18:12:52,new_award,4530662,ec55e940a61ce7c3,,,,0
66169861f41d8c99,2026-09-02 18:12:52,new_award,4580429,ec6e265ede3110f5,,,,24
07bca238b7d1d7d4,2026-09-02 18:12:52,new_award,4546541,ecc2d61b69601d07,,,,0
9e45f63e6080b85b,2026-09-02 18:12:52,new_award,4557600,ed3143435609c282,,,,0
3106a0787ca20ce7,2026-09-02 18:12:52,new_award,4535071,ed4d5e48e4fc70cc,,,,0
2b8d8e4222e619d0,2026-09-02 18:12:52,new_award,4538357,edac1ca2f0996daa,,,,19
a72b0b74b09df4d5,2026-09-02 18:12:52,new_award,4566629,ee1c67173d547c0e,,,,0
dcbb8b8f43516eb6,2026-09-02 18:12:52,new_award,4524437,ee20dcb8c591dd73,,,,31
2ec3b9ad4457ac44,2026-09-02 18:12:52,new_award,4527010,eeaa7f2c2dd655d1,,,,11
1d56e3b298892f2a,2026-09-02 18:12:52,new_award,4557600,eed80e796df9bfe0,NOC,,,0
76130f30e4c943c3,2026-09-02 18:12:52,new_award,4573283,eed832e6b37f8fc3,ACN,,,0
4e157ad979aeec44,2026-09-02 18:12:52,new_award,4565715,eef6f6d06ebec798,,,,0
8b7f0105f44ee36f,2026-09-02 18:12:52,new_award,4573283,eef7ea7ab70ac501,,,,0
678e2d29de4bb61e,2026-09-02 18:12:52,new_award,4529481,ef1735d42b2c259c,,,,0
fc790418fa13300d,2026-09-02 18:12:52,new_award,4552684,ef3114ae078d9dba,,,,0
b5309760bf6b45a3,2026-09-02 18:12:52,new_award,4560267,ef5aabe2dc96516b,LDOS,,,0
e4fb4901eec8cc4c,2026-09-02 18:12:52,new_award,4554053,efdf4d2cc8cb1431,,,,14
accaade9b1409e3e,2026-09-02 18:12:52,new_award,4529481,f012e7f92f69d516,,,,0
e3004e5d738c0e99,2026-09-02 18:12:52,new_award,4551533,f040159263ded844,RTX,,,0
0a19ca54584798f4,2026-09-02 18:12:52,new_award,4564890,f040a1bd09910d25,,,,0
2b101caf72be2834,2026-09-02 18:12:52,new_award,4584771,f0a7dc0e16e03849,GD,,,0
79d5c3e4b259e7e4,2026-09-02 18:12:52,new_award,4530662,f0d987a74c36b1fd,,,,16
1434d832e4be03e4,2026-09-02 18:12:52,new_award,4575681,f12b2a600ad40ecb,OSK,,,0
f7327bc4063225d6,2026-09-02 18:12:52,new_award,4580429,f13927469c89c8ca,,,,25
6fe7ef727a10338d,2026-09-02 18:12:52,new_award,4582621,f1bd68e1f4e9b6ec,,,,0
d35316fe522ad204,2026-09-02 18:12:52,new_award,4529481,f1e8f3bb0dbc05a8,,,,0
5491136b1d1fff13,2026-09-02 18:12:52,new_award,4566629,f270638ccead7fbd,LMT,,,0
db4c1f287b2e9fce,2026-09-02 18:12:52,new_award,4540411,f27fe9e3d4dda7ad,,,,0
37be3a6933847086,2026-09-02 18:12:52,new_award,4559059,f2de33ac577b73e5,,,,9
9c4b3e69b16a9247,2026-09-02 18:12:52,new_award,4546541,f2ed62717a264aeb,,,,0
33cb5def2e560ad9,2026-09-02 18:12:52,new_award,4546541,f325897212223895,,,,0
d182b7b646323769,2026-09-02 18:12:52,new_award,4573283,f3724e0e69e92765,ACN,,,0
3c3bf75118c4f638,2026-09-02 18:12:52,new_award,4549225,f38c011c7e92cc03,,,,0
e3aa47952019e757,2026-09-02 18:12:52,new_award,4557600,f3d4fef2c779749f,,,,0
65658dc849586d77,2026-09-02 18:12:52,new_award,4556787,f3ddb3423382a8c4,GNTX,,,0
a3a145aece15bfc6,2026-09-02 18:12:52,new_award,4580429,f427d2b8526e8597,,,,0
ceedef35b4ab851e,2026-09-02 18:12:52,new_award,4546541,f45daddf16fe9999,,,,26
e016f1c6bc6a6a39,2026-09-02 18:12:52,new_award,4565715,f4ae80474aedb10c,,,,0
1b6b7ab5100e1317,2026-09-02 18:12:52,new_award,4575681,f4ca63d0c6c05032,,,,28
626de09ab347c843,2026-09-02 18:12:52,new_award,4573283,f4e0e5cb8ea903ee,,,,0
901573089d0dd819,2026-09-02 18:12:52,new_award,4545450,f523d4947d536df3,,,,0
e4e5af1954886609,2026-09-02 18:12:52,new_award,4584771,f52e3f0b7b3413c8,ESLT,,,0
63669c8929822f28,2026-09-02 18:12:52,new_award,4572212,f5e753a442586a73,,,,0
9b388bb1feb18447,2026-09-02 18:12:52,new_award,4578063,f5e89f7608b95b5a,,,,0
0ba3fc3da953560d,2026-09-02 18:12:52,new_award,4549225,f66afa449e298794,,,,0
1f03713ca1ac40e3,2026-09-02 18:12:52,new_award,4580429,f78407facd90116b,,,,0
a631347f45211c10,2026-09-02 18:12:52,new_award,4560267,f789039a15085576,,,,0
b3f7b8591b13d9e6,2026-09-02 18:12:52,new_award,4565715,f7a638c301870657,,,,13
f1ec15237bd3af91,2026-09-02 18:12:52,new_award,4529481,f806963535874100,,,,31
9ef0f69196daf1e5,2026-09-02 18:12:52,new_award,4575681,f812c749e31e4f67,,,,0
0de87cb791a635de,2026-09-02 18:12:52,new_award,4585867,f814fc2d528029f3,,,,24
a8fff304da55db50,2026-09-02 18:12:52,new_award,4527010,f850293e33c3e507,,,,0
e06b9322a3071f03,2026-09-02 18:12:52,new_award,4554053,f868adddeb62bec4,SARO,,,0
15a0de672d177870,2026-09-02 18:12:52,new_award,4576619,f89172a723becc24,,,,0
93182855a36b3da0,2026-09-02 18:12:52,new_award,4539526,f8c6f7517fd0a292,NOC,,,0
0921e4a5b5b732b3,2026-09-02 18:12:52,new_award,4533905,f8ddc1b3aa92e43f,,,,18
73ae2974478a90ba,2026-09-02 18:12:52,new_award,4573283,f91a008f460ae9b7,,,,0
cfd49c4e74232e2b,2026-09-02 18:12:52,new_award,4566629,f9324cd36d8fdb81,,,,0
c71e20e81562350c,2026-09-02 18:12:52,new_award,4556787,f97f84d53958e574,,,,0
4b0e3774802cd3ae,2026-09-02 18:12:52,new_award,4529481,f9841957b730cb9f,ETN,,,0
31e6554fb0694cde,2026-09-02 18:12:52,new_award,4527010,f996eeeadbb3d2ee,,,,0
f91b8f84ba691ab1,2026-09-02 18:12:52,new_award,4562834,f998b5a971e876d8,GLDD,,,0
9c429b752d3e1cc9,2026-09-02 18:12:52,new_award,4563655,f9d6c12a21b0e71f,RTX,,,0
aa7c64f6ffaff9ae,2026-09-02 18:12:52,new_award,4555477,f9d7ac34e53e6d06,,,,8
a72176d82e90e514,2026-09-02 18:12:52,new_award,4567805,f9e8103f4e879ea6,BSX,,,0
16d6a02182b97d55,2026-09-02 18:12:52,new_award,4572212,fa045829b5769da2,LMT,,,0
249e804287ba3a69,2026-09-02 18:12:52,new_award,4575681,fa19c5f2536a64b8,,,,9
c8aa64c3d82b95ca,2026-09-02 18:12:52,new_award,4546541,fa32cea091e092f3,,,,0
b50cfec88e9a52d8,2026-09-02 18:12:52,new_award,4545450,fa6f327b3238ecaa,,,,0
2c88d1555744d82f,2026-09-02 18:12:52,new_award,4561887,fa71fe1bcc4e86cd,BA,,,0
bb66319c2a1fb3a0,2026-09-02 18:12:52,new_award,4538357,fa8dde017975e00c,,,,0
eb5c47066d1a4471,2026-09-02 18:12:52,new_award,4542809,fb41bf517bd63c76,MTX.DE,,,0
c942906b4f57dc7a,2026-09-02 18:12:52,new_award,4564890,fb64cda4dc6fc691,,,,17
416961dbbd8e4a77,2026-09-02 18:12:52,new_award,4560267,fbb1db17260a6b60,HII,,,0
d61aff90616833d4,2026-09-02 18:12:52,new_award,4581800,fbf0bd44bd5339c2,BA,,,0
75aa4b6e8b615a67,2026-09-02 18:12:52,new_award,4529481,fc2837faa58c23a2,,,,31
9d353aa0ae294757,2026-09-02 18:12:52,new_award,4578063,fc380cde60afefab,NOC,,,0
38e38c295593fab7,2026-09-02 18:12:52,new_award,4560267,fc4f238b62b13335,BA,,,0
d5400e8dff9361e5,2026-09-02 18:12:52,new_award,4554053,fcb1de9b2375a43a,,,,0
94d5b457cd406413,2026-09-02 18:12:52,new_award,4556787,fcbc5b51f6f66c1d,,,,20
fa7200484f899dbb,2026-09-02 18:12:52,new_award,4529481,fcd9f1b0504d52fa,,,,0
7a65bbbd07804f50,2026-09-02 18:12:52,new_award,4566629,fcf7589274b4efc5,,,,0
c5aceb756f55d56b,2026-09-02 18:12:52,new_award,4563655,fd432590423fcc3a,,,,0
effcbcc07e58bffe,2026-09-02 18:12:52,new_award,4546541,fda0ca3e3fa1d186,,,,0
446415b2212f6dd9,2026-09-02 18:12:52,new_award,4546541,fdbb8d7959f2c609,,,,0
3aa9d0a83a4e01e2,2026-09-02 18:12:52,new_award,4586879,fdfd60960611dda5,RTX,,,0
5549319ff9aa3ef5,2026-09-02 18:12:52,new_award,4552684,fdfe9b86d08b67dd,JCE,,,0
f5c8c05861785a71,2026-09-02 18:12:52,new_award,4566629,fe0c4ccb9e0a040a,,,,0
9a346479e5b0ed59,2026-09-02 18:12:52,new_award,4527010,fe3ea208e487b118,,,,21
b829c16074650559,2026-09-02 18:12:52,new_award,4528154,fe58c09cbe3da9d6,,,,7
050b204010ca95f8,2026-09-02 18:12:52,new_award,4557600,fe962ef84a5e351b,BA,,,0
b32dd7d68ac4f3d5,2026-09-02 18:12:52,new_award,4546541,fec8dcb328e2cd80,,,,0
ff321cca9a282701,2026-09-02 18:12:52,new_award,4554053,fed3ee29c67bd919,,,,0
182e24b0a90d0edd,2026-09-02 18:12:52,new_award,4560267,fee10ef27d2c4d72,,,,0
7cb9a2941ee4dc0d,2026-09-02 18:12:52,new_award,4575681,ff054f80992872bf,,,,0
61cda005daa25e2a,2026-09-02 18:12:52,new_award,4560267,ff4f81eca2ecc170,KIE,,,0
95a0a47c3842ca4a,2026-09-02 18:12:52,new_award,4557600,ffa92fb4e38b7904,,,,0
c9cc6265fa10655b,2026-09-02 18:12:52,new_award,4540411,ffd8ed736a250771,NOC,,,0
c4affd7e0d25e9a1,2026-09-02 18:12:52,new_award,4529481,fff56bcc49ee8987,,,,0
eda8f8536a2b5d96,2026-09-02 18:12:52,modification_on_tracked,4575681,0d6d8bfe2a6fe5cc,BA,W58RGZ-24-C-0028 · 1 prior event(s) since 2026-08-14 · opens before our window,"$636.1M this action, $1.3B actioned to date",0
406ab6aaa75485fe,2026-09-02 18:12:52,modification_on_tracked,4531882,02d3a35623712173,,W58RGZ-25-C-0003 · 1 prior event(s) since 2026-06-29 · opens before our window,"$19.2M this action, cumulative $377.8M",26
c7631e17af44df6c,2026-09-02 18:12:52,modification_on_tracked,4575681,a125d4db7dbe1402,LMT,N00024-18-C-2301 · 1 prior event(s) since 2026-07-30,"$73.9M this action, $103.3M actioned to date",0
9b5d6f723908867c,2026-09-02 18:12:52,modification_on_tracked,4562834,469f391d1585ff7d,GE,SPE4AX-20-D-9445 · 2 prior event(s) since 2026-08-03 · opens before our window,"$10.2M this action, $340.0M actioned to date",0
e0357776dd23f8b1,2026-09-02 18:12:52,modification_on_tracked,4554053,afeea234142781cd,GD,N00024-24-C-2124 · 1 prior event(s) since 2026-07-09 · opens before our window,"$127.0M this action, $382.1M actioned to date",55
8ea5f6b0388c276d,2026-09-02 18:12:52,modification_on_tracked,4585867,d9caf8e6667abd45,HII,N00024-21-C-4205 · 1 prior event(s) since 2026-06-29 · opens before our window,"$13.0M this action, $25.5M actioned to date",0
0dd6095867807716,2026-09-02 18:12:52,modification_on_tracked,4549225,19a84d090ded88a9,,FA8811-26-D-B001 · 1 prior event(s) since 2026-07-07,"$11.4B this action, cumulative $17.0B",68
3a3af8df2960b0fd,2026-09-02 18:12:52,modification_on_tracked,4530662,4327cac56473fc72,GE,W58RGZ-19-C-0003 · 1 prior event(s) since 2026-06-25 · opens before our window,"$77.8M this action, cumulative $963.8M",0
57c26ecb44ed84d9,2026-09-02 18:12:52,modification_on_tracked,4549225,246a5c6e7f48f2ca,,N00024-25-C-5434 · 1 prior event(s) since 2026-07-09 · opens before our window,"$25.9M this action, $76.3M actioned to date",0
b189401c60b4f4b7,2026-09-02 18:12:52,modification_on_tracked,4562834,7eff5b5138985b0e,LMT,N0001924G0010 · 5 prior event(s) since 2026-07-02,"$20.2M this action, $1.7B actioned to date",0
d9be23abd64daccc,2026-09-02 18:12:52,modification_on_tracked,4530662,541931db1590144c,NOC,SPE4AX-21-D-P002 · 1 prior event(s) since 2026-06-30 · opens before our window,"$9.4M this action, $18.8M actioned to date",0
e6a9faadb3b8ef96,2026-09-02 18:12:52,modification_on_tracked,4563655,f9d6c12a21b0e71f,RTX,W15P7T-26-D-A004 · 1 prior event(s) since 2026-07-30,"$25.0M this action, $50.0M actioned to date",0
362f21cc2ba2047c,2026-09-02 18:12:52,modification_on_tracked,4552684,c0d8853ff1132f90,,W31P4Q-21-F-0038 · 1 prior event(s) since 2026-06-24 · opens before our window,"$12.4M this action, cumulative $659.3M",17
71aaf858f10829a8,2026-09-02 18:12:52,modification_on_tracked,4583752,260b81d580e6e633,LMT,N00024-25-D-6211 · 1 prior event(s) since 2026-07-23,"$14.6M this action, $59.2M actioned to date",0
5227ab781579d07b,2026-09-02 18:12:52,modification_on_tracked,4549225,9d68b0b8f0dcd3ab,,N6339425C0003 · 1 prior event(s) since 2026-07-07 · opens before our window,"$15.3M this action, $24.6M actioned to date",10
a64b457e496a9f72,2026-09-02 18:12:52,modification_on_tracked,4585867,7d27e26b7b4469f3,GE,SPE4AX-20-D-9445 · 2 prior event(s) since 2026-08-03 · opens before our window,"$319.5M this action, $340.0M actioned to date",0
56c9f5b2fcf3dafc,2026-09-02 18:12:52,modification_on_tracked,4575681,6e9b33971db44feb,LMT,N0001924G0010 · 5 prior event(s) since 2026-07-02,"$24.1M this action, $1.7B actioned to date",0
